No.,Timecode In,Timecode Out,Subtitle
"1","00:01:01:24","00:01:05:13","[빗소리]"
"2","00:01:05:15","00:01:08:15","[어두운 음악]"
"3","00:01:30:08","00:01:34:22","[남자1이 흥얼거린다]"
"4","00:02:04:11","00:02:07:00","[멀리서 개가 짖는다]"
"5","00:02:07:02","00:02:09:17","[여자의 다급한 숨소리]"
"6","00:02:18:09","00:02:20:04","[안도하는 숨소리]"
"7","00:02:31:06","00:02:34:06","[여자의 떨리는 숨소리]"
"8","00:02:40:01","00:02:41:09","[쇠가 달그락거리는 소리]"
"9","00:02:49:05","00:02:52:03","[무거운 음악]"
"10","00:04:16:12","00:04:18:12","[자동차 경적]"
"11","00:04:21:07","00:04:23:13","[자동차 엔진음]"
"12","00:04:23:15","00:04:24:15","[타이어 마찰음]"
"13","00:04:26:17","00:04:28:03","- (배달원) 안녕하세요
- (형사1) 응, 수고"
"14","00:04:34:17","00:04:35:17","(형사1) 안녕"
"15","00:04:41:04","00:04:42:16","[전화벨 소리]"
"16","00:04:44:07","00:04:45:07","(경찰1) 충성"
"17","00:04:46:12","00:04:53:06","(형사2) 신 형사님
여기 말씀하신 자료 가져왔어요
[소란스럽다]"
"18","00:04:53:08","00:04:55:08","[전화벨이 연신 울린다]"
"19","00:05:02:03","00:05:05:10","아, 예, 이번에도 흔적은 없습니다"
"20","00:05:05:24","00:05:08:01","아, 씨발, 누구 전화 좀 받아라!"
"21","00:05:08:03","00:05:11:05","에잇, 이 새끼 정말!
[남 형사의 아픈 신음]"
"22","00:05:12:17","00:05:14:14","[남 형사가 전화를 받는소리]
(최 계장) 지랄을 하네"
"23","00:05:14:16","00:05:16:17","- (남 형사) 여보세요? 여보세요?
- (최 계장) 아니, 백 검사님한테"
"24","00:05:16:19","00:05:19:10","(최 계장) 그런 게 아니고요
예, 죄송합니다, 알겠습니다"
"25","00:05:20:02","00:05:22:09","아, 이것들이
귓구멍에 공구리 쳤냐"
"26","00:05:22:11","00:05:24:17","- (태수) 짬뽕을, 아, 이 새끼
- (최 계장) 전화 안 받아?
[기석이 트림한다]"
"27","00:05:24:19","00:05:26:03","(최 계장) 야, 민태수"
"28","00:05:26:09","00:05:28:06","또 어슬렁거리지, 빨리 안 튀어?"
"29","00:05:28:08","00:05:29:11","(기석) 아, 예"
"30","00:05:30:06","00:05:33:06","(최 계장) 야
넌 이런 분위기에서 잠이 오냐?
[기석이 전화를 받는다]"
"31","00:05:33:08","00:05:34:21","[최 계장의 한숨]
새끼들"
"32","00:05:34:23","00:05:36:00","너희들 왜 들어왔어?"
"33","00:05:36:09","00:05:37:14","뭐라도 찾은 거야?"
"34","00:05:38:03","00:05:40:17","(태수) 아니, 비가 너무 오고요"
"35","00:05:41:00","00:05:43:02","잠깐, 그
휴식이라도 취해야지, 이게…"
"36","00:05:43:04","00:05:44:09","(최 계장) 휴식?"
"37","00:05:44:20","00:05:47:12","단서 찾기 전엔
사무실 들어올 생각도 하지 말랬지"
"38","00:05:48:02","00:05:50:18","빨리 나가서
범인 비슷한 놈이라도 잡아 와"
"39","00:05:50:20","00:05:51:20","- (기석) 예
- (태수) 아니요"
"40","00:05:51:22","00:05:54:06","(태수) 그, 무식하게 다닌다고
그게 뭐가 되겠습니까"
"41","00:05:54:08","00:05:55:15","그게 아니고, 저, 이럴 때일수록…"
"42","00:05:55:17","00:05:57:02","- (기석) 충성
- (최 계장) 야, 너희들"
"43","00:05:57:04","00:05:58:17","이번 사건 해결하지 못하면"
"44","00:05:58:19","00:06:00:03","너희들 좋아하는 집구석에서"
"45","00:06:00:05","00:06:02:04","평생 휴식하게 해 줄 테니까"
"46","00:06:02:06","00:06:03:06","그리 알아라!"
"47","00:06:03:09","00:06:06:06","[기석의 짜증 난 탄성]"
"48","00:06:08:01","00:06:10:16","(태수) 으이구, 진짜
좀생이 영감탱이 하여튼"
"49","00:06:10:18","00:06:12:20","유두리가 없어요, 유두리가, 응?
[기석의 개운한 숨소리]"
"50","00:06:13:03","00:06:15:04","아니, 눈만 뜨고 있으면
범인이 잡혀?"
"51","00:06:15:06","00:06:17:03","아, 감식반 애들도 못 찾는 단서를"
"52","00:06:17:13","00:06:19:16","아, 어떻게 우리가 찾냐고요"
"53","00:06:19:18","00:06:20:18","[개운한 탄성]"
"54","00:06:21:17","00:06:23:07","이번이 벌써 여덟 명짼가?"
"55","00:06:23:09","00:06:24:21","위에서 완전 난리겠죠?"
"56","00:06:26:01","00:06:27:01","[한숨]"
"57","00:06:27:09","00:06:30:01","(태수) 오늘도
집에 들어가긴 글렀고"
"58","00:06:32:04","00:06:33:04","아!"
"59","00:06:34:05","00:06:36:24","샥스핀 걸고 당구 한판 콜?"
"60","00:06:37:18","00:06:38:18","아이, 좀"
"61","00:06:38:20","00:06:40:07","그, 아까 계장님 못 봤어요?"
"62","00:06:40:09","00:06:41:22","(기석) 응?"
"63","00:06:44:08","00:06:46:02","실종자들 집 근처에 가서"
"64","00:06:46:21","00:06:48:15","눈도장이나 좀 찍고 오시죠"
"65","00:06:48:21","00:06:50:18","아무것도 없는 현장을 뭐 빤다고"
"66","00:06:50:24","00:06:53:00","(태수) 너도 똑같아 이 새끼야
[태수의 한숨]"
"67","00:06:54:24","00:06:56:19","아따"
"68","00:06:56:21","00:06:59:10","비 참 실하게 오시네"
"69","00:06:59:12","00:07:01:05","[쩝 입소리를 낸다]"
"70","00:07:01:07","00:07:03:02","(차장) 형님 결혼식이면 다예요?"
"71","00:07:03:07","00:07:04:10","(남자2) 죄송합니다"
"72","00:07:04:12","00:07:05:12","[메시지 알림음]"
"73","00:07:07:15","00:07:10:05","(차장) 누구는 뭐, 약속이 없어서
이러고 있는 줄 알아?"
"74","00:07:11:01","00:07:12:21","(수경) 은행원이 웬 주말 근무?"
"75","00:07:14:02","00:07:16:16","빨리 와서 놀아 줘
[휴대전화 알림음]"
"76","00:07:18:03","00:07:19:21","[메시지 알림음]"
"77","00:07:19:23","00:07:21:08","(차장) 도대체가 회사를"
"78","00:07:21:11","00:07:23:19","[차장이 말한다]
(수경) 아, 보일러가 또
말썽이라 사람 불렀어"
"79","00:07:24:11","00:07:26:22","(차장) 생각이 없어요, 생각이
[메시지 알림음]"
"80","00:07:34:04","00:07:35:08","가"
"81","00:07:35:10","00:07:36:10","[문이 탁 닫힌다]"
"82","00:07:46:04","00:07:47:06","(수경) 일 끝났지?"
"83","00:07:47:23","00:07:48:24","어쩌지?"
"84","00:07:49:01","00:07:50:12","김 대리가 급한 일이 있어서"
"85","00:07:50:14","00:07:52:10","내가 정리하고 가야 될 것 같아"
"86","00:07:52:17","00:07:54:04","그럼 저녁까지도 못 와?"
"87","00:07:54:21","00:07:57:06","(수경) 어허, 오늘 용감하시네?
[옅은 웃음]"
"88","00:07:58:16","00:08:00:19","내가 그 정도로 용감하진 않지"
"89","00:08:00:21","00:08:02:15","한 시간 안으로 끝날 것 같아"
"90","00:08:02:17","00:08:03:21","오케이"
"91","00:08:03:23","00:08:06:10","오늘 오랜만에
다 같이 저녁 먹으려고"
"92","00:08:06:21","00:08:08:01","(승현) 어, 알았어"
"93","00:08:08:06","00:08:11:00","해물탕 거리 사 놓을 테니까
오랜만에 솜씨 좀 부려"
"94","00:08:11:02","00:08:12:02","오케이"
"95","00:08:12:05","00:08:13:07","(수경) 그리고"
"96","00:08:13:13","00:08:16:04","중대 발표가 있을 테니까"
"97","00:08:16:06","00:08:17:10","기대하시라"
"98","00:08:18:00","00:08:19:03","무슨 중대 발표?"
"99","00:08:19:18","00:08:20:23","지금 말해 주면 안 되는 거야?"
"100","00:08:21:04","00:08:23:21","궁금하면
빛의 속도로 일 끝내고 와"
"101","00:08:38:10","00:08:41:10","[어두운 음악]"
"102","00:08:44:01","00:08:45:20","[자동차 시동음]"
"103","00:09:05:03","00:09:06:13","[한숨]"
"104","00:09:15:13","00:09:17:13","[휴대전화 벨소리]"
"105","00:09:28:18","00:09:29:18","[코웃음]"
"106","00:09:34:10","00:09:35:17","[타이어 마찰음]"
"107","00:09:45:05","00:09:46:05","(트럭 운전사) 아이고 목이야"
"108","00:09:46:15","00:09:48:20","야, 너 뭐 하는 놈이야"
"109","00:09:49:05","00:09:51:00","너 이 새끼 오늘 잘못 걸렸어"
"110","00:09:51:02","00:09:53:01","이것 봐, 이거, 차…
[자동차 엔진음]"
"111","00:09:53:12","00:09:55:03","[트럭 운전사의 당황한 탄성]"
"112","00:09:55:12","00:09:57:22","야, 이 새끼야, 거기 서! 야!"
"113","00:09:59:07","00:10:01:03","아, 나"
"114","00:10:02:03","00:10:03:00","(태수) 에이씨"
"115","00:10:03:02","00:10:05:08","야, 양말이 껌이냐
이거 달라붙은 거 봐라, 이거 봐
[기석의 한숨]"
"116","00:10:05:10","00:10:07:05","(태수) 아이씨, 진짜 이거"
"117","00:10:09:03","00:10:10:03","[구역질한다]"
"118","00:10:10:11","00:10:11:14","[기석의 놀란 숨소리]"
"119","00:10:11:24","00:10:13:20","그걸 차 안에서 벗으면 어떡해요"
"120","00:10:13:22","00:10:15:10","비 와서 창도 못 여는데"
"121","00:10:15:12","00:10:17:23","[태수의 웃음]
(태수) 아나, 껌이나 씹어라, 아"
"122","00:10:18:00","00:10:19:17","[태수의 웃음]"
"123","00:10:19:19","00:10:22:06","아, 정말, 좀, 아, 저리 좀 치워요"
"124","00:10:22:08","00:10:23:18","[기석의 구역질]
[태수의 웃음]"
"125","00:10:23:20","00:10:26:09","- (기석) 아이, 진짜
- (태수) 아휴, 양말 줘, 인마"
"126","00:10:26:11","00:10:27:18","(기석) 에이, 여기요"
"127","00:10:28:21","00:10:32:14","공통점도 없고, 흔적도 없고"
"128","00:10:32:16","00:10:34:10","그 새끼 비 오는 날만 계획적으로"
"129","00:10:35:01","00:10:36:22","야, 이, 보통이 아니에요"
"130","00:10:36:24","00:10:40:01","야, 하여간
이 새끼 잡으면 완전 로또인데"
"131","00:10:40:20","00:10:41:20","[헛웃음]"
"132","00:10:41:22","00:10:44:07","아, 형님도 참
[태수의 웃음]"
"133","00:10:45:19","00:10:47:24","(태수) 가만 있어 보자
뭐, 재밌는 것 좀 없냐?"
"134","00:10:48:01","00:10:49:05","어…
[지지직 소리]"
"135","00:10:49:07","00:10:50:19","(무전기 속 경찰2) 뺑소니
사고 발생, 광평교 인근"
"136","00:10:50:21","00:10:52:00","뺑소니 사고 발생"
"137","00:10:52:11","00:10:54:17","용달 트럭과 접촉 후
대모산 방향으로 도주"
"138","00:10:54:19","00:10:56:19","[무전기에서 음성이 흘러나온다]
오호라, 바로 요 앞이네"
"139","00:10:57:02","00:10:58:04","(태수) 야, 우리 저기나 가 보자"
"140","00:10:58:07","00:10:59:13","(무전기 속 경찰2) 차량은
녹색 이스타나"
"141","00:10:59:15","00:11:01:08","아, 거, 남의 관할엔 뭐 하러요"
"142","00:11:02:05","00:11:04:17","야, 연쇄 실종 사건 수사 중이거든"
"143","00:11:04:19","00:11:05:19","관할이 어디있어, 인마"
"144","00:11:06:06","00:11:07:15","(태수) 혹시 아냐? 뭐라도 건질지"
"145","00:11:07:17","00:11:09:09","씁, 야, 이거 촉이 팍 오는데?"
"146","00:11:09:19","00:11:11:21","김 기사 밟아 봐, 응?
[기석의 헛기침]"
"147","00:11:12:13","00:11:13:22","밟아, 이씨, 진짜"
"148","00:11:13:24","00:11:15:13","[무전에서 음성이 흘러나온다]
[기석의 한숨]"
"149","00:11:17:20","00:11:21:03","[스산한 음악]"
"150","00:11:36:22","00:11:38:15","[전동 드릴 작동음]
[수경의 힘겨운 신음]"
"151","00:11:38:17","00:11:40:21","[전동 드릴 작동음]"
"152","00:11:40:23","00:11:41:24","[수경의 힘겨운 신음]"
"153","00:11:42:23","00:11:44:04","[전동 드릴 작동음]"
"154","00:11:49:09","00:11:50:14","(트럭 운전사) 잘 가고 있는
사람을"
"155","00:11:50:16","00:11:53:00","갑자기 들이받더니 내빼잖아"
"156","00:11:53:17","00:11:56:04","아, 오늘 재수 더럽게 없네, 진짜"
"157","00:11:56:15","00:11:58:09","(태수) 에헤"
"158","00:11:58:11","00:12:01:19","이 아저씨가 말은 똑바로 해야지"
"159","00:12:01:21","00:12:04:09","거 딱 보니까
타이어 마모도 심하고"
"160","00:12:04:21","00:12:06:11","저기 스키드 마크까지"
"161","00:12:07:10","00:12:09:19","빗길에 아저씨가 미끄러졌구먼, 뭐"
"162","00:12:09:21","00:12:12:16","(트럭 운전사) 그래도, 그
안전거리라는 게 있지 않습니까"
"163","00:12:12:21","00:12:15:07","[무거운 음악]
그리고 어쨌든
뺑소니 친 거 아닙니까? 네?"
"164","00:12:16:21","00:12:19:23","근데 받힌 놈이 왜 토껴?"
"165","00:12:21:09","00:12:22:20","(트럭 운전사) 저 사람 뭐야?"
"166","00:12:32:09","00:12:35:12","(태수) 사고 정황을 봐도
뺑소니 칠 일이 아니거든요"
"167","00:12:35:22","00:12:37:16","거기다가 현장 부근에서"
"168","00:12:37:22","00:12:40:12","여자 거로 보이는
부서진 핸드폰이 발견됐고"
"169","00:12:40:23","00:12:43:15","아이, 뭔가 켕기는 게 있으니까
도망친 거 아니겠어요"
"170","00:12:43:22","00:12:45:05","아, 촉이 팍 온다니까"
"171","00:12:45:07","00:12:46:12","(최 계장) 촉은 니미럴"
"172","00:12:46:14","00:12:48:00","음주 뺑소니 아니야?"
"173","00:12:48:07","00:12:49:08","일 복잡하게 만들지 말고"
"174","00:12:49:10","00:12:50:17","아이, 몰라, 몰라, 몰라"
"175","00:12:50:19","00:12:53:13","일단 도주한 지
한 시간 정도 됐고 녹색 이스타나"
"176","00:12:53:15","00:12:55:07","그, 대모산 넘어가는 길 뻔하니까"
"177","00:12:55:14","00:12:57:05","도주 거리 계산해서
검문 좀 늘려 봐요"
"178","00:12:57:07","00:12:58:21","- (태수) 끊습니다
- (최 계장) 야, 야, 야"
"179","00:12:58:23","00:13:00:01","(태수) 야, 밟아, 밟아"
"180","00:13:00:03","00:13:01:23","[한숨]
예"
"181","00:13:14:19","00:13:16:09","[나지막한 웃음]"
"182","00:13:20:07","00:13:21:16","[숨을 들이켠다]"
"183","00:13:22:04","00:13:24:09","[웃음]"
"184","00:13:43:08","00:13:45:09","대모산 지나가는 길은
이거 하나잖아요"
"185","00:13:45:19","00:13:47:10","뭐, 어떻게, 수서로 넘어갈까요?"
"186","00:13:50:19","00:13:53:04","- (기석) 아, 여기
- (태수) 야, 잠깐 차 좀 세워 봐"
"187","00:13:53:06","00:13:54:06","[타이어 마찰음]"
"188","00:14:09:19","00:14:11:10","승합차 같은데"
"189","00:14:14:05","00:14:15:23","(기석) 왜, 뭐 있어요?"
"190","00:14:25:13","00:14:27:11","(태수) 야, 뭐 때문인지 몰라도"
"191","00:14:27:13","00:14:28:13","산에 올라갔다 내려왔어"
"192","00:14:28:20","00:14:30:14","이 비에
타이어 자국이 선명한 거 보면"
"193","00:14:30:16","00:14:31:23","방금 내려온 거야, 밟아"
"194","00:14:33:04","00:14:34:13","아, 뭐 해, 인마, 빨리 밟아"
"195","00:14:35:06","00:14:36:04","아, 예, 예, 예"
"196","00:14:38:11","00:14:39:12","(태수) 그냥 뺑소니 아니야"
"197","00:14:39:14","00:14:40:22","요 앞 사거리까지 길이 하나니까"
"198","00:14:41:02","00:14:42:03","잡을 수 있어"
"199","00:14:42:05","00:14:43:14","야, 야, 신호 걸렸다
야, 세워 봐, 세워 봐"
"200","00:14:43:16","00:14:44:24","(기석) 오케이, 오케이, 오케이"
"201","00:14:45:01","00:14:46:01","(태수) 빨리, 빨리, 빨리"
"202","00:15:01:19","00:15:03:09","(태수) 스톱, 스톱, 스톱"
"203","00:15:03:11","00:15:04:19","[태수의 멋쩍은 웃음]"
"204","00:15:05:19","00:15:06:24","(태수) 이것 좀 내려 보세요"
"205","00:15:07:15","00:15:09:06","예, 아이, 내려 보세요"
"206","00:15:13:06","00:15:14:06","경찰입니다"
"207","00:15:14:20","00:15:16:11","그, 일단, 잠시 내려 주세요"
"208","00:15:17:17","00:15:18:23","예, 잠깐이면 돼요"
"209","00:15:25:13","00:15:27:07","예, 잠깐이면 돼요
예, 내려 보세요"
"210","00:15:29:19","00:15:30:19","[타이어 마찰음]"
"211","00:15:35:09","00:15:36:09","[자동차 엔진음]"
"212","00:15:49:23","00:15:50:23","(태수) 기석아"
"213","00:15:52:10","00:15:54:01","- (기석) 예
- (태수) 쟤 일단 차에 태워라"
"214","00:15:54:10","00:15:55:10","(기석) 예"
"215","00:15:59:22","00:16:00:18","좀 가시죠"
"216","00:16:01:13","00:16:02:13","뭐죠?"
"217","00:16:02:15","00:16:04:13","뺑소니 용의자로
서에 동행해 주셔야겠습니다"
"218","00:17:08:21","00:17:10:12","(남 형사) 차 안에서 혈흔이
엄청 나왔어요"
"219","00:17:11:02","00:17:12:15","이 한두 명게 아닌 것 같다는데요"
"220","00:17:13:15","00:17:16:02","촉 귀신, 제대로 한 건 했네"
"221","00:17:16:22","00:17:19:05","[사람들의 박수와 탄성]
더듬이가 딱 서더라니깐요"
"222","00:17:19:07","00:17:20:14","[웃음]"
"223","00:17:20:23","00:17:22:14","아, 근데
이 찝찝한 기분은 뭐냐, 이거"
"224","00:17:22:16","00:17:23:17","야, 오버 그만하고"
"225","00:17:24:10","00:17:27:01","정리되면 이 형님이 한잔 쏜다"
"226","00:17:27:08","00:17:29:01","아이, 한 잔 갖고 되겠어요?"
"227","00:17:29:03","00:17:30:15","[최 계장과 태수의 웃음]"
"228","00:17:30:21","00:17:33:19","(최 계장) 야, 수고들 했고
대충 정리하고 빨리 들어가자
[휴대전화 벨소리]"
"229","00:17:34:08","00:17:35:15","(태수) 오, 오, 그래, 그래"
"230","00:17:36:12","00:17:39:12","아이고, 우리 매제가
웬일로 전화를 다 주고?"
"231","00:17:39:18","00:17:42:20","저, 혹시
오늘 수경이랑 통화하셨어요?"
"232","00:17:42:22","00:17:44:06","아니, 잠깐만"
"233","00:17:49:03","00:17:50:03","아이, 미안, 미안"
"234","00:17:50:05","00:17:52:18","아이, 내가 오늘 범인 잡느라고
정신 없어 가지고"
"235","00:17:52:20","00:17:54:24","그 전화 온 걸 확인 못 했네, 왜?"
"236","00:17:55:15","00:17:58:05","(승현) 오늘 형님이랑 같이
저녁 먹자고 전화가 왔었는데"
"237","00:17:59:02","00:18:00:11","그 이후로 연락이 안 돼요"
"238","00:18:00:21","00:18:01:21","집에도 없고요"
"239","00:18:01:23","00:18:04:01","아이, 배터리 나갔겠지, 뭘
[전화벨 소리]"
"240","00:18:04:08","00:18:06:02","아이, 알았어
내가 조금 이따가 전화할게"
"241","00:18:06:04","00:18:08:06","- (태수) 어
- (기석) 네, 네, 말씀해 주세요"
"242","00:18:08:08","00:18:10:24","[태수의 힘주는 소리]
- 오늘은 어디 가서 한잔 때리냐
- (기석) 네, 휴대폰 명의자가"
"243","00:18:11:08","00:18:13:07","(기석) 민수경"
"244","00:18:14:00","00:18:15:00","[어두운 음악]
주민번호"
"245","00:18:16:06","00:18:18:07","871018"
"246","00:18:19:11","00:18:21:21","2380718"
"247","00:18:33:06","00:18:34:17","(기석) 뭐, 다른 특이 사항은
없는 거죠?"
"248","00:18:35:04","00:18:36:04","오케이"
"249","00:18:36:20","00:18:37:18","수고하십시오"
"250","00:18:39:11","00:18:41:14","민수경, 민수경"
"251","00:18:43:14","00:18:45:16","(태수) 이런, 씨발"
"252","00:18:46:02","00:18:48:03","너, 너 지금 무슨 짓이야, 응?"
"253","00:18:48:05","00:18:50:18","(기석) 아
아유, 형님, 왜 그러세요?"
"254","00:18:51:09","00:18:53:10","(태수) 지금 이게, 이게 지금"
"255","00:18:54:02","00:18:55:08","[태수의 한숨]"
"256","00:18:55:10","00:19:00:02","[태수의 떨리는 숨소리]"
"257","00:19:08:10","00:19:09:10","(기석) 형님"
"258","00:19:09:24","00:19:11:05","아, 형님"
"259","00:19:11:07","00:19:14:00","[태수의 떨리는 숨소리]"
"260","00:19:16:16","00:19:17:18","어디 가요?"
"261","00:19:19:09","00:19:21:06","- (경찰2) 아, 이러시면 안 돼요
- (기석) 야, 잠깐만 있어봐"
"262","00:19:21:20","00:19:22:20","[태수의 분한 숨소리]"
"263","00:19:24:03","00:19:25:03","너"
"264","00:19:25:10","00:19:26:10","너 도대체 뭐야?"
"265","00:19:28:15","00:19:29:15","아니지?"
"266","00:19:30:04","00:19:31:05","내가 잘못 안 거지?"
"267","00:19:38:02","00:19:39:18","[웃음]
아"
"268","00:19:40:10","00:19:41:19","[태수의 성난 숨소리]"
"269","00:19:42:24","00:19:43:24","(태수) 야"
"270","00:19:44:01","00:19:45:13","야, 이 새끼야, 야"
"271","00:19:45:16","00:19:46:24","(기석) 형
뭐 하시는 거예요, 이거"
"272","00:19:47:01","00:19:48:08","(태수) 너
우리 수경이 어떻게 했어?"
"273","00:19:48:10","00:19:49:10","- (태수) 어?
- (남 형사) 형님"
"274","00:19:49:13","00:19:50:16","(태수) 우리 수경이 어디 있어?"
"275","00:19:50:18","00:19:52:08","- (태수) 어딨냐고, 이 씨발
- (남 형사) 왜, 왜, 왜"
"276","00:19:52:11","00:19:53:07","(남 형사) 왜 이러세요?"
"277","00:19:53:10","00:19:54:08","(기석) 형
[웃음]"
"278","00:19:55:18","00:19:56:22","찾아봐"
"279","00:19:57:02","00:19:58:16","(태수) 뭐? 뭐, 이 새끼야?"
"280","00:19:58:18","00:19:59:24","[소란스럽다]
(기석) 아, 형!"
"281","00:20:00:01","00:20:01:18","(태수) 놔, 안 놔?"
"282","00:20:01:20","00:20:03:21","[소란스럽다]"
"283","00:20:05:12","00:20:07:03","(태수) 놔, 이 씨발 새끼들아"
"284","00:20:07:05","00:20:08:24","놓으라고, 이 새끼가, 놓으라고!"
"285","00:20:09:02","00:20:10:12","놔, 이 개새끼들아"
"286","00:20:10:14","00:20:13:09","이, 씨발
[태수의 분한 숨소리]"
"287","00:20:15:02","00:20:16:02","아, 형"
"288","00:20:17:18","00:20:19:11","(태수) 승현아!"
"289","00:20:19:13","00:20:21:04","승현아!"
"290","00:20:32:22","00:20:34:01","형, 형님"
"291","00:20:36:05","00:20:38:10","(승현) 형님
경찰서에서 전화가 왔는데요"
"292","00:20:38:16","00:20:39:23","지금 이게 무슨 소리예요"
"293","00:20:40:11","00:20:41:24","수경이가 어떻게 됐다는 말이에요"
"294","00:20:42:18","00:20:44:21","형님, 예? 형님"
"295","00:20:57:24","00:20:59:09","지금 뭐 하시는 거예요"
"296","00:21:04:22","00:21:05:23","형님"
"297","00:21:12:08","00:21:13:14","내 말 잘 들어, 승현아"
"298","00:21:14:17","00:21:15:24","아직 확실한 거 아니야"
"299","00:21:16:19","00:21:18:00","정신 바짝 차려야 돼"
"300","00:21:20:23","00:21:22:17","형이 경찰이잖아, 응?"
"301","00:21:23:19","00:21:24:19","내가 다 해결해"
"302","00:21:26:12","00:21:27:12","형 믿지?"
"303","00:21:35:07","00:21:36:07","[문이 달칵 열린다]"
"304","00:21:36:09","00:21:37:18","[문이 탁 닫힌다]"
"305","00:21:43:04","00:21:44:04","[한숨]"
"306","00:21:56:23","00:21:57:23","(태수) 형, 그"
"307","00:21:58:20","00:22:00:11","- (태수) 아니지?
- (분석관) 그게…"
"308","00:22:01:22","00:22:02:22","[분석관의 한숨]"
"309","00:22:05:19","00:22:07:02","[긴장되는 음악]
아이씨"
"310","00:22:10:13","00:22:12:19","[무전기에서 음성이 흘러나온다]"
"311","00:22:29:03","00:22:33:23","[헬리콥터 엔진음]"
"312","00:22:40:13","00:22:43:17","[탐지견이 왈왈 짖는다]"
"313","00:22:48:17","00:22:49:17","[경찰3의 놀란 숨소리]"
"314","00:22:53:21","00:22:54:21","(기석) 봐 봐"
"315","00:22:55:13","00:22:58:07","너희 집에서
시체 세 구나 나왔어요"
"316","00:22:58:15","00:23:00:15","지금 무슨 상황인지 이해가 안 돼?"
"317","00:23:01:08","00:23:05:01","너 지금 뺑소니가 아니라
살인죄로 잡혀 온 거야, 살인죄"
"318","00:23:12:02","00:23:14:10","[흐느낀다]"
"319","00:23:23:06","00:23:27:15","(수경) 중대 발표가 있을 테니까
기대하시라"
"320","00:23:40:13","00:23:41:13","[벅찬 숨소리]"
"321","00:23:41:15","00:23:42:24","[신난 탄성]"
"322","00:23:44:00","00:23:45:03","[웃음]"
"323","00:23:47:24","00:23:49:11","[울먹인다]"
"324","00:23:52:08","00:23:53:07","[힘겨운 숨소리]"
"325","00:23:55:18","00:23:57:22","(경찰3) 여기요, 여기요!"
"326","00:23:59:21","00:24:01:17","[태수의 거친 숨소리]
(태수) 비켜, 비켜, 씨"
"327","00:24:07:05","00:24:12:08","[흐느낀다]"
"328","00:24:16:19","00:24:18:02","(수경) 여보, 뭐 해?"
"329","00:24:20:00","00:24:22:13","우리 아기 배고픈지 자꾸 발로 차"
"330","00:24:23:13","00:24:26:02","나 과일 좀 깎아 줘, 응?"
"331","00:24:27:16","00:24:30:00","우리 아기가
먹성이 좋은 거 보니까"
"332","00:24:30:02","00:24:32:01","아무래도 자기를 빼닮은 것 같아"
"333","00:24:37:09","00:24:39:19","[태수의 거친 숨소리]"
"334","00:24:39:21","00:24:41:23","[태수의 힘주는 소리]"
"335","00:24:53:12","00:24:56:12","(수경) 사과가 예쁘게 잘 익었다
그렇지, 오빠?"
"336","00:24:56:20","00:24:59:20","여보, 이거 봐, 빨리 와 봐
우리 아기가 발로 차"
"337","00:25:00:09","00:25:01:16","아빠 찾나 봐"
"338","00:25:03:11","00:25:05:02","[가쁜 숨소리]"
"339","00:25:08:05","00:25:10:10","[태수의 거친 숨소리]"
"340","00:25:28:16","00:25:30:23","[놀란 숨소리]"
"341","00:25:34:23","00:25:36:07","[울먹인다]"
"342","00:25:36:09","00:25:39:10","[무전기에서 음성이 흘러나온다]"
"343","00:25:39:12","00:25:41:22","[소란스럽다]"
"344","00:25:41:24","00:25:45:05","- (경찰4) 이동!
- (태수) 수경아, 수경아"
"345","00:25:45:07","00:25:47:15","[태수의 울음]"
"346","00:25:48:08","00:25:50:21","(태수) 수경아"
"347","00:25:52:17","00:25:54:14","[태수의 울음]"
"348","00:25:56:06","00:25:57:22","[책상을 쾅 치는 소리]"
"349","00:25:58:04","00:26:01:01","아니, 왜 시체 묻은 장소는
얘기 안 하는 건데?"
"350","00:26:01:18","00:26:02:24","(기석) 야, 이 씨발놈아"
"351","00:26:03:10","00:26:06:02","이럴 거면 마당에는
왜 세 명만 묻었는데"
"352","00:26:09:03","00:26:10:13","그거야, 뭐"
"353","00:26:11:21","00:26:13:01","마당이 좁으니까?"
"354","00:26:13:08","00:26:16:00","[헛웃음]
하, 씨발 새끼"
"355","00:26:17:17","00:26:18:22","[기석의 한숨]"
"356","00:26:18:24","00:26:19:24","(기석) 좋아"
"357","00:26:20:05","00:26:23:00","마당에 묻은 사체 세 구면
벌써 게임 끝난 거야"
"358","00:26:23:10","00:26:24:13","그러니까"
"359","00:26:25:01","00:26:26:09","나머지 사람들"
"360","00:26:27:10","00:26:29:17","오늘 민수경 씨까지 어디 묻었는지"
"361","00:26:30:00","00:26:31:19","그거라도 말하자, 응?"
"362","00:26:33:13","00:26:34:13","내가 왜?"
"363","00:26:37:15","00:26:38:22","[기석의 한숨]"
"364","00:26:40:21","00:26:41:21","야"
"365","00:26:43:10","00:26:44:22","너도 사람이라면"
"366","00:26:46:05","00:26:49:18","최소한 죄책감 같은 건
있을 거 아니야"
"367","00:26:50:23","00:26:51:23","[헛웃음]"
"368","00:26:53:02","00:26:54:02","그럼"
"369","00:26:58:03","00:26:59:17","내가 슬퍼라도 해 줘?"
"370","00:27:00:08","00:27:01:20","이, 개새…
[문이 덜컥 열린다]"
"371","00:27:06:08","00:27:07:08","[기석의 아픈 신음]"
"372","00:27:07:10","00:27:08:12","[탄식]"
"373","00:27:09:11","00:27:10:17","(기석) 아, 형, 왜 이러시는…"
"374","00:27:10:23","00:27:13:06","뭐 하는 거야?
형, 나, 뭐 하는 거야, 지금"
"375","00:27:13:08","00:27:14:08","[기석의 아픈 신음]"
"376","00:27:14:10","00:27:15:22","이거 뭐 하는 거야, 지금
이거 왜 이래?"
"377","00:27:15:24","00:27:18:08","(최 계장) 야, 민태수!
[최 계장이 소리친다]"
"378","00:27:18:10","00:27:20:21","(기석) 형, 형!"
"379","00:27:21:20","00:27:23:03","[태수의 힘주는 소리]
[강천의 아픈 신음]"
"380","00:27:25:01","00:27:26:11","[힘주는 소리]
(최 계장) 야, 민태수!"
"381","00:27:27:08","00:27:29:13","아, 키 가지러 간 새끼는
왜 이렇게 안 오는 거야?"
"382","00:27:30:02","00:27:31:02","(기석) 형!"
"383","00:27:33:10","00:27:34:10","[강천의 아픈 신음]"
"384","00:27:34:23","00:27:36:01","[분한 숨소리]"
"385","00:27:37:03","00:27:38:22","[태수의 힘주는 소리]"
"386","00:27:40:00","00:27:41:00","(태수) 말해"
"387","00:27:41:11","00:27:42:13","우리 수경이 어디 있어?"
"388","00:27:49:09","00:27:50:12","이런다고"
"389","00:27:52:03","00:27:53:08","내가 말해 줄 것 같아?"
"390","00:27:54:14","00:27:56:00","[분한 숨소리]"
"391","00:28:13:05","00:28:14:15","(태수) 미안하다"
"392","00:28:14:17","00:28:17:15","내가, 내가 잘못했어"
"393","00:28:18:14","00:28:20:24","이렇게, 이렇게 부탁할게"
"394","00:28:21:07","00:28:22:15","내 동생"
"395","00:28:23:18","00:28:24:24","하, 씨발"
"396","00:28:25:14","00:28:27:00","내 동생 어딨는지"
"397","00:28:27:11","00:28:30:09","그것만, 제발 그것만 말해 줘"
"398","00:28:33:00","00:28:34:13","말했잖아"
"399","00:28:35:09","00:28:36:11","뭐?"
"400","00:28:38:15","00:28:40:01","찾아보라고"
"401","00:28:40:06","00:28:43:03","[분한 숨소리]
[어두운 음악]"
"402","00:28:45:03","00:28:46:16","(기석) 태수 형, 안 돼"
"403","00:28:47:03","00:28:48:06","그럼 아무도 못 찾아요"
"404","00:28:48:08","00:28:49:20","다른 피해자들, 수경 씨도"
"405","00:28:50:00","00:28:53:20","형, 씨발, 형!
[떨리는 숨소리]"
"406","00:28:59:09","00:29:00:17","[문이 덜컥 열린다]
(남 형사) 형님"
"407","00:29:00:24","00:29:02:10","- (기석) 형!
- (최 계장) 민태수!"
"408","00:29:21:13","00:29:23:23","[소리친다]"
"409","00:29:26:12","00:29:28:17","국과수에서 결과 넘어왔는데"
"410","00:29:29:13","00:29:31:14","혈흔에서 나온 DNA들"
"411","00:29:32:13","00:29:35:02","실종된 일곱 명과 일치한다더라"
"412","00:29:41:20","00:29:42:20","[최 계장의 한숨]"
"413","00:29:45:21","00:29:50:03","취조실 비디오에 찍힌 건
내 어떻게든 얼버무려 볼 테니까"
"414","00:29:50:23","00:29:52:13","(최 계장) 한 몇 주 쉬면서"
"415","00:29:53:03","00:29:54:09","마음 좀 잡아"
"416","00:29:55:00","00:29:56:00","응?"
"417","00:29:58:06","00:30:00:18","[소란스럽다]"
"418","00:30:07:07","00:30:11:06","(피해 가족1) 야, 우리 딸 살려 내
우리 딸 살려 내라고"
"419","00:30:11:16","00:30:12:19","야, 이 새끼야"
"420","00:30:14:04","00:30:15:20","(피해 가족2) 모자 벗겨
이 새끼야"
"421","00:30:17:07","00:30:18:22","[긴장되는 음악]
미경아!"
"422","00:30:18:24","00:30:21:16","미경아, 미경아"
"423","00:30:21:18","00:30:23:10","[소란스럽다]"
"424","00:30:43:02","00:30:44:24","[스산한 효과음]"
"425","00:30:51:10","00:30:53:09","(기자1) 진술을 거부하고 있는
조강천으로 인해"
"426","00:30:53:11","00:30:55:15","사체들의 정확한 위치를
파악하지 못한 채"
"427","00:30:55:17","00:30:58:09","아직 발견되지 않는
다섯 구의 사체를 찾기 위해"
"428","00:30:58:12","00:30:59:23","(기자2) 경찰은
총력을 다하고 있습니다"
"429","00:31:00:00","00:31:01:02","(최 계장) 야, 조강천"
"430","00:31:01:17","00:31:02:20","너 정말 이럴 거야?"
"431","00:31:05:08","00:31:06:08","[최 계장의 한숨]"
"432","00:31:08:10","00:31:09:10","[최 계장이 쩝 입소리를 낸다]"
"433","00:31:09:15","00:31:10:21","안 되겠다"
"434","00:31:11:05","00:31:12:10","오늘 그만 내려가자"
"435","00:31:15:04","00:31:19:11","[까마귀 울음]
[의미심장한 음악]"
"436","00:31:19:13","00:31:22:11","[웅성거린다]"
"437","00:31:23:23","00:31:25:18","(기자3) 야, 올라온다
찍어, 찍어, 찍어"
"438","00:31:25:21","00:31:27:19","[기자들의 질문이 빗발친다]"
"439","00:31:27:21","00:31:29:13","(기자4) 조강천 씨
지금 심정이 어떠신가요?"
"440","00:31:29:15","00:31:31:20","저기요, 잠시만요
한 말씀만 해 주시죠?"
"441","00:31:31:22","00:31:33:20","[소란스럽다]"
"442","00:31:39:01","00:31:41:01","[긴장되는 음악]"
"443","00:31:41:07","00:31:42:07","(기자1) 조강천…"
"444","00:31:42:10","00:31:43:21","[소란스럽다]"
"445","00:31:45:13","00:31:48:16","[삐 소리 효과음]"
"446","00:32:00:21","00:32:03:19","[절규한다]"
"447","00:32:03:22","00:32:04:23","(기자1) 피해자의 가족을"
"448","00:32:05:00","00:32:07:13","마치 범인 다루듯 하는
경찰의 과잉 진압이"
"449","00:32:07:15","00:32:08:20","논란이 되고 있…
[TV가 탁 꺼진다]"
"450","00:32:13:17","00:32:16:13","[무거운 음악]"
"451","00:32:16:16","00:32:18:08","[자동차 경적]"
"452","00:32:24:06","00:32:25:19","[문이 드르륵 열린다]"
"453","00:32:51:22","00:32:53:21","(태수) 아버지"
"454","00:32:53:23","00:32:55:23","[울음]"
"455","00:32:56:00","00:32:57:23","아버지"
"456","00:32:58:00","00:33:02:00","[울음]"
"457","00:33:02:24","00:33:05:13","우리 수경이"
"458","00:33:07:15","00:33:11:02","수경이 어떻게 해"
"459","00:33:13:18","00:33:18:01","[오열한다]"
"460","00:33:26:16","00:33:28:05","(판사) 부녀자 세 명을"
"461","00:33:28:19","00:33:31:05","살해 후 유기한 피고인 조강천은"
"462","00:33:31:17","00:33:33:19","살해 방식의 잔혹함은 물론"
"463","00:33:33:21","00:33:35:09","이후 수사 과정에서도"
"464","00:33:36:02","00:33:37:04","비협조로 일관"
"465","00:33:37:12","00:33:41:07","일곱 구의 사체를 찾을 수 없게 한
행위에 비추어 볼 때"
"466","00:33:42:08","00:33:45:00","살인죄와 사체 유기죄에 대하여"
"467","00:33:45:02","00:33:46:17","전혀 뉘우침이 없다고 보인다"
"468","00:33:48:07","00:33:49:07","이에"
"469","00:33:49:20","00:33:52:01","형법 제161조 1항과"
"470","00:33:52:10","00:33:54:21","제250조 1항에 적용하여"
"471","00:33:55:12","00:33:56:19","피고인 조강천에게"
"472","00:33:57:09","00:33:58:20","법정 최고형인"
"473","00:33:59:10","00:34:01:06","사형을 선고하는 바이다"
"474","00:34:15:24","00:34:18:11","[힘겨운 숨소리]"
"475","00:34:22:11","00:34:23:24","[고통스러운 숨소리]"
"476","00:34:32:19","00:34:37:01","[분한 숨소리]"
"477","00:34:39:09","00:34:43:13","[분한 숨소리]"
"478","00:34:57:19","00:35:00:19","[보글보글 끓는 소리]"
"479","00:35:04:07","00:35:07:07","[잔잔한 음악]"
"480","00:35:11:01","00:35:13:03","[태수의 힘주는 소리]"
"481","00:35:13:05","00:35:15:04","음, 오케이, 자"
"482","00:35:18:14","00:35:20:12","[수경의 콧노래]"
"483","00:35:20:14","00:35:23:11","[태수의 탄성]
- (태수) 짠, 죽이지?
- (수경) 짠"
"484","00:35:23:13","00:35:25:12","(태수) 어? 야, 이거, 이거, 이거
이거, 이거, 이거, 이거"
"485","00:35:25:14","00:35:27:03","(수경) 안 돼, 오늘은"
"486","00:35:27:11","00:35:30:06","- (태수) 야, 이런 날 한잔해야지
- (수경) 알았어, 딱 한 잔만이다?"
"487","00:35:35:23","00:35:38:20","우리 아버지가
집 하나는 참 잘 지었지"
"488","00:35:39:17","00:35:41:03","삼십 년이 지났는데도"
"489","00:35:41:20","00:35:43:10","창틀 하나 뒤틀린 데도 없고"
"490","00:35:47:21","00:35:50:02","[멋쩍은 웃음]"
"491","00:35:50:12","00:35:52:18","승현이 해물탕 진짜 오랜만이네"
"492","00:35:54:24","00:35:55:24","[멋쩍은 웃음]"
"493","00:35:59:11","00:36:00:11","[시원한 숨소리]"
"494","00:36:00:13","00:36:04:12","역시, 같이 해물탕집이나 차릴까?"
"495","00:36:04:17","00:36:07:11","이 솜씨면 우리 봉급 합친 것 보다
나을 것 같은데"
"496","00:36:08:03","00:36:09:11","형님"
"497","00:36:11:02","00:36:12:13","우리 이제 그만 봐요"
"498","00:36:12:18","00:36:13:18","[무거운 음악]"
"499","00:36:13:24","00:36:15:03","- (태수) 승현아
- (승현) 형님만 보면"
"500","00:36:15:05","00:36:16:14","수경이 생각이 나서"
"501","00:36:17:05","00:36:18:05","너무 힘들어요"
"502","00:36:21:13","00:36:22:20","저도 살아야죠"
"503","00:36:27:17","00:36:28:17","그래"
"504","00:36:29:10","00:36:30:23","그래, 알았다"
"505","00:36:31:10","00:36:32:19","자, 먹자"
"506","00:36:49:05","00:36:51:15","[자동차 엔진음]"
"507","00:36:56:15","00:36:57:17","[새소리]"
"508","00:36:58:09","00:36:59:12","[문이 철커덕 열린다]"
"509","00:36:59:14","00:37:00:16","[문이 철커덕 닫힌다]"
"510","00:37:40:11","00:37:42:00","(태수) 수경이 어딨는지"
"511","00:37:42:21","00:37:43:21","말하고 싶으면"
"512","00:37:46:10","00:37:47:16","언제든지 말해"
"513","00:37:52:10","00:37:53:17","[코웃음]"
"514","00:37:55:18","00:37:57:16","[강천이 휘파람을 분다]"
"515","00:38:00:15","00:38:01:16","[문이 철커덕 닫힌다]"
"516","00:38:01:18","00:38:03:00","(기석) 이게 말이 돼?"
"517","00:38:03:19","00:38:04:15","그딴 놈을 왜"
"518","00:38:04:17","00:38:06:15","세금으로 먹여 주고
재워 줘야 하는데?"
"519","00:38:07:22","00:38:09:08","에이씨, 쯧"
"520","00:38:10:12","00:38:11:21","요즘 형님을 보면"
"521","00:38:14:22","00:38:16:04","그때 말리지 말걸"
"522","00:38:17:03","00:38:18:15","[잔잔한 음악]
생각이 들어요"
"523","00:38:21:01","00:38:22:14","[기석이 목을 가다듬는다]"
"524","00:38:22:21","00:38:24:02","어쩜 그때"
"525","00:38:26:16","00:38:28:12","용기가 없었는지도 모르지"
"526","00:38:39:03","00:38:40:03","야"
"527","00:38:41:12","00:38:42:19","내가 그 새끼 죽였으면"
"528","00:38:42:21","00:38:46:08","씨발, 감방 들어가고
인생 쫑 난거지, 응?"
"529","00:38:46:24","00:38:49:10","누구 말마따나, 씨발
나도 살아야지"
"530","00:38:52:22","00:38:54:04","[멋쩍은 웃음]"
"531","00:38:55:01","00:38:57:16","아, 제가 술이 많이 취했나
[멋쩍은 웃음]"
"532","00:38:58:21","00:39:00:01","(기석) 괜한 얘길 다 하네"
"533","00:39:00:24","00:39:02:00","죄송합니다"
"534","00:39:06:05","00:39:07:11","(기석) 아이고
아이고, 형, 형, 형"
"535","00:39:07:13","00:39:08:22","(태수) 안 취했어
안 취했어, 안 취했어"
"536","00:39:10:12","00:39:11:11","(기석) 어, 형, 형!"
"537","00:39:12:10","00:39:13:20","[어두운 음악]"
"538","00:39:15:06","00:39:16:09","(수경) 오빠 바빠?"
"539","00:39:16:11","00:39:17:14","전화를 안 받냐?"
"540","00:39:17:16","00:39:19:02","(태수) 형이 경찰이잖아"
"541","00:39:19:08","00:39:20:11","내가 다 해결해"
"542","00:39:20:13","00:39:21:13","(수경) 오빠!"
"543","00:39:21:18","00:39:22:16","(강천) 찾아봐"
"544","00:39:22:18","00:39:26:22","[거친 숨소리]"
"545","00:39:28:03","00:39:29:12","[휴대전화 진동음]"
"546","00:39:32:14","00:39:34:02","[휴대전화 진동음]"
"547","00:39:38:20","00:39:40:17","[의미심장한 음악]
[카메라 셔터음]"
"548","00:39:42:03","00:39:44:02","[카메라 셔터음]"
"549","00:39:46:05","00:39:47:05","[기석이 숨을 들이켠다]"
"550","00:39:47:07","00:39:49:21","(기석) 요즘 주가를 올리는
대성파 보스 오영석이고요"
"551","00:39:50:03","00:39:52:01","그, 새벽 네 시경에
가게를 나가다가"
"552","00:39:52:08","00:39:53:08","당했다고 합니다"
"553","00:39:54:22","00:39:55:19","목격자는?"
"554","00:39:59:02","00:40:01:13","근데 오빠가
나랑 자면 재수가 좋다고"
"555","00:40:02:05","00:40:04:14","매달 1일에 항상
여기 다녀갔었거든요"
"556","00:40:06:04","00:40:09:13","하, 근데 오빠가 하는 일이
그래서 그렇지"
"557","00:40:09:15","00:40:11:15","사람은 진짜 착했었는데"
"558","00:40:12:17","00:40:13:17","[기석의 비웃음]"
"559","00:40:18:03","00:40:19:16","얼굴은 못 봤나요?"
"560","00:40:22:24","00:40:24:11","(마담) 그러니까 그게"
"561","00:40:26:07","00:40:27:24","너무 순간적인 일이라"
"562","00:40:29:00","00:40:30:03","놀라기도 했고요"
"563","00:40:33:13","00:40:34:13","아, 마치"
"564","00:40:36:06","00:40:38:24","오빠가 혼자 있던 틈을
노렸던 것 같아요"
"565","00:40:39:16","00:40:40:16","[전기 충격기 작동음]"
"566","00:40:40:18","00:40:42:12","[마담의 비명]"
"567","00:40:45:19","00:40:48:08","마스크에 모자까지"
"568","00:40:49:02","00:40:50:24","얼굴을 알아볼 수가 없었어요"
"569","00:40:53:17","00:40:56:01","(태수) 오영석이 마담을
주기적으로 만난 것부터"
"570","00:40:56:09","00:40:58:09","부하들이
차를 빼러 가는 타이밍까지"
"571","00:40:58:11","00:40:59:21","모두 꿰뚫고 있었어"
"572","00:40:59:23","00:41:03:06","(기석) 씁, 그 말은 조직 내부에
가능성이 있다는 거네요"
"573","00:41:04:08","00:41:05:12","(태수) 근데 마담"
"574","00:41:05:24","00:41:08:03","유일한 목격자를 그냥 뒀다?"
"575","00:41:08:22","00:41:10:07","(기석) 아니
그럴 시간이 없었겠죠"
"576","00:41:10:16","00:41:12:17","영석이 부하들이
언제 내려올지 모르니까"
"577","00:41:14:13","00:41:16:13","(태수) 일단 주변 CCTV
체크해보고"
"578","00:41:16:21","00:41:18:13","마담 쪽도 다시 훑어봐, 응?"
"579","00:41:18:23","00:41:21:13","(기석) 근데 그쪽도 후보군이
많아서 줄이기 힘들겠는데요?"
"580","00:41:22:03","00:41:23:06","(태수) 어쨌거나"
"581","00:41:23:13","00:41:25:15","쓰레기 같은 새끼들 일에
끼어들게 생겼네"
"582","00:41:26:17","00:41:28:02","정리 잘하고 서에서 보자"
"583","00:41:28:11","00:41:30:08","(기석) 예, 충성!"
"584","00:41:31:18","00:41:34:06","(기석) 어, 지금 앞에 있는
자료들을 보시면 아시겠지만"
"585","00:41:34:23","00:41:36:06","아, 피해자는"
"586","00:41:36:11","00:41:37:18","45세 오영석"
"587","00:41:39:10","00:41:40:16","대성파 보스입니다"
"588","00:41:41:09","00:41:43:13","아, 5년 전
대성파 보스였던 손명수가"
"589","00:41:43:23","00:41:46:16","아, 살인 폭행 사체 유기 등으로
사형 판결을 받자"
"590","00:41:46:18","00:41:47:24","보스 자리에 올랐습니다"
"591","00:41:48:01","00:41:49:09","아, 그 이후 대성파는"
"592","00:41:49:16","00:41:50:24","아, 송파는 물론"
"593","00:41:51:01","00:41:52:22","아, 강남과 하남 일대까지"
"594","00:41:52:24","00:41:54:11","세를 빠르게 확장하고 있습니다"
"595","00:41:55:01","00:41:56:11","대성파 손명수"
"596","00:41:57:10","00:41:58:11","(최 계장) 몇 년 전에"
"597","00:41:58:13","00:42:01:05","검찰에서 소리 소문 없이
잡아들인 건 기억난다"
"598","00:42:01:07","00:42:02:18","(최 계장과 기석)
- 그래서 의심 가는 놈은
- 예"
"599","00:42:02:20","00:42:04:00","그 오영석의 죽음으로"
"600","00:42:04:02","00:42:05:14","그, 가장 큰 이득을 얻을 수 있는"
"601","00:42:05:23","00:42:07:08","대성파 이인자 김민석"
"602","00:42:10:15","00:42:11:22","(기석) 일명 칼치입니다"
"603","00:42:12:08","00:42:14:00","(최 계장) 손명수는 빵에 갔고"
"604","00:42:14:02","00:42:15:04","오영석이가 죽었으니"
"605","00:42:15:07","00:42:16:24","뭐, 칼치만 노가 났네"
"606","00:42:17:23","00:42:19:11","아이고, 두야"
"607","00:42:19:13","00:42:22:15","이 깡패 새끼라 주위에
원한 관계가 장난이 아닐 거고"
"608","00:42:24:21","00:42:27:05","민 팀장이
대성파 쪽으로 빠삭하니까"
"609","00:42:27:07","00:42:28:04","잘 좀 처리해 봐"
"610","00:42:29:10","00:42:30:10","(태수) 예"
"611","00:42:44:13","00:42:45:15","[한숨]"
"612","00:42:45:17","00:42:48:04","태수 형님 얄상해졌다는
소문은 듣긴 했는데"
"613","00:42:48:20","00:42:50:13","(칼치) 상상을 훌쩍 벗어나시네"
"614","00:42:51:04","00:42:52:14","많이 야위셨다"
"615","00:42:53:04","00:42:55:01","칼치 많이 컸네"
"616","00:42:56:10","00:42:58:16","명수 담뱃불 붙여 주던 게
엊그제 같은데"
"617","00:42:59:20","00:43:01:15","안 본 세월이 얼만데요"
"618","00:43:02:13","00:43:05:17","시간이 어디
사람을 그냥 둡디까, 예?"
"619","00:43:05:19","00:43:06:19","오영석"
"620","00:43:08:05","00:43:10:01","네가 직접 담그진 않았을 거고"
"621","00:43:11:01","00:43:12:01","누구 시켰냐?"
"622","00:43:12:15","00:43:15:13","[칼치의 웃음]"
"623","00:43:15:24","00:43:17:21","(칼치) 넘겨짚는 건 여전하시네"
"624","00:43:18:03","00:43:19:03","형님"
"625","00:43:19:13","00:43:21:06","내가 우리 큰형님 제치면은"
"626","00:43:22:01","00:43:24:05","용의자 1순위에 딱 등극할 텐데"
"627","00:43:24:21","00:43:27:13","내가 병신 삽 대가리도 아니고
내가 실성했습니까?"
"628","00:43:27:19","00:43:30:23","실성해서
형님이고 동생이고 담가대는 게"
"629","00:43:31:19","00:43:33:05","너희 일이잖아"
"630","00:43:33:11","00:43:36:09","진실 관계에 있어서
뭐, 크게 벗어나는 말은 아닌데요"
"631","00:43:38:10","00:43:40:07","이번에 저 아닙니다"
"632","00:43:40:18","00:43:42:04","아니에요"
"633","00:43:43:04","00:43:45:21","[태수의 헛웃음]"
"634","00:43:46:11","00:43:47:11","[태수의 한숨]"
"635","00:44:02:21","00:44:05:04","[긴장되는 음악]"
"636","00:44:05:06","00:44:06:06","[문이 철컥 열린다]"
"637","00:44:06:11","00:44:07:11","(교도관1) 1217번"
"638","00:44:07:22","00:44:08:23","면회"
"639","00:44:15:11","00:44:18:00","(명수) 어젯밤 꿈이 좋았나"
"640","00:44:18:02","00:44:20:11","손님이 다 찾아오시고"
"641","00:44:22:10","00:44:23:10","오랜만이네"
"642","00:44:24:10","00:44:25:15","오영석이 죽었다"
"643","00:44:29:10","00:44:31:07","[한숨 쉬며]
그래?"
"644","00:44:34:17","00:44:35:23","반응이 미지근하네"
"645","00:44:39:01","00:44:41:20","양아치 같은 새끼 죽든지 말든지"
"646","00:44:42:18","00:44:45:05","그래도 미우나 고우나 동생 아니야"
"647","00:44:47:05","00:44:48:20","동생은 무슨"
"648","00:44:53:04","00:44:54:10","이봐, 민 형사님"
"649","00:44:55:16","00:44:57:09","앞으로 내 인생은 말이야"
"650","00:44:57:11","00:44:58:19","둘 중에 하나야"
"651","00:44:59:21","00:45:01:16","여기서 목이 잘려 나가든지"
"652","00:45:02:19","00:45:03:21","아니면 살아남아서"
"653","00:45:03:23","00:45:06:23","이 좁아터진 데서
평생 썩어 가든지"
"654","00:45:08:06","00:45:09:06","(명수) 근데"
"655","00:45:09:16","00:45:12:02","그런 나한테 의리?"
"656","00:45:12:22","00:45:13:22","동생?"
"657","00:45:16:13","00:45:18:11","인생사 다 부질없어"
"658","00:45:26:24","00:45:28:10","(교도관2) 어디 보자"
"659","00:45:28:22","00:45:29:22","어"
"660","00:45:30:18","00:45:32:17","입감되고 5년 동안"
"661","00:45:33:07","00:45:35:09","면회 온 사람이
아무도 없는 것 같은데?"
"662","00:45:35:12","00:45:36:12","- (기석) 그래요?
- (교도관2) 응"
"663","00:45:37:12","00:45:40:15","(기석) 아니, 뭐
그래도 명색이 보스였는데"
"664","00:45:40:17","00:45:42:08","(교도관2) 밖에서야 지가 황제지"
"665","00:45:42:23","00:45:45:08","여기 들어오면은
개털되는 거 순식간이야"
"666","00:45:47:23","00:45:50:12","(태수) 저, 오랜만에 온 김에"
"667","00:45:51:10","00:45:53:01","강천이나 한번 볼까 하는데"
"668","00:45:53:03","00:45:54:20","아, 아, 아서라"
"669","00:45:55:03","00:45:56:06","한동안은 안 돼"
"670","00:45:56:16","00:45:58:10","(교도관2) 아
같은 방 쓰던 한 놈이"
"671","00:45:58:12","00:46:01:20","괜히 건드렸다가 조강천이가
귀를 물어 뜯어버렸어"
"672","00:46:01:22","00:46:03:03","[교도관2의 웃음]"
"673","00:46:03:12","00:46:06:03","어제부로
독방에 옮겨서 특별 관리한다"
"674","00:46:07:05","00:46:09:00","사형 제도가 있으면 뭐 해"
"675","00:46:09:16","00:46:12:01","집행을 안 한 지
17년이 넘어가는데"
"676","00:46:13:01","00:46:14:06","그런 놈들 보면"
"677","00:46:14:19","00:46:17:01","이게 잘하고 있는 일인지 싶다"
"678","00:46:17:14","00:46:21:00","[지지직거리는 소리]"
"679","00:46:21:02","00:46:24:05","[힘주는 소리]"
"680","00:46:27:02","00:46:29:12","[지지직거리는 소리]"
"681","00:46:33:21","00:46:35:03","[지지직거리는 소리]"
"682","00:46:39:04","00:46:40:17","4866"
"683","00:46:41:03","00:46:42:19","(교도관3) 취침 시간이다
빨리 자라"
"684","00:46:44:22","00:46:47:24","[강천의 힘주는 소리]
이 새끼가, 너
내, 내 말 안 들려?"
"685","00:46:48:06","00:46:50:13","[힘주는 소리]"
"686","00:46:52:15","00:46:54:05","너, 이 새끼, 거기 가만있어"
"687","00:46:55:22","00:46:56:23","[한숨]
참"
"688","00:46:57:00","00:46:59:23","[교도관3의 분한 숨소리]
[열쇠들이 달그락거린다]"
"689","00:47:01:03","00:47:03:16","[긴장되는 음악]"
"690","00:47:13:16","00:47:14:16","왜"
"691","00:47:15:22","00:47:16:22","들어오시게?"
"692","00:47:21:10","00:47:22:20","그만하고 빨리 자…"
"693","00:47:23:02","00:47:24:10","자라"
"694","00:47:25:14","00:47:26:14","[열쇠들이 달그락거린다]"
"695","00:47:29:12","00:47:31:19","[멀어지는 발걸음]"
"696","00:47:32:04","00:47:33:13","[숨을 후 내뱉는다]"
"697","00:47:41:15","00:47:43:07","버러지 같은 것들"
"698","00:47:44:23","00:47:46:11","[옅은 한숨]"
"699","00:47:51:02","00:47:53:17","[키보드 조작음]"
"700","00:47:54:22","00:47:56:06","[마우스 클릭음]"
"701","00:48:02:17","00:48:04:18","(기석) 아이, 뭘 그렇게
정신없이 보고 계세요?"
"702","00:48:04:21","00:48:06:13","[기석의 웃음]
커피 한잔하고 하세요"
"703","00:48:07:21","00:48:09:09","[기석이 숨을 들이켠다]"
"704","00:48:09:11","00:48:11:00","사건 현장 내부 CCTV는"
"705","00:48:11:02","00:48:12:06","뭐, 관리를 안 해서 그런지"
"706","00:48:12:23","00:48:14:06","영 건질 게 없던데요?"
"707","00:48:14:21","00:48:16:16","그런 데 달아 놓은 게 뻔하지, 뭐"
"708","00:48:17:01","00:48:18:07","외부 쪽이 좀 나을 거야"
"709","00:48:18:16","00:48:20:04","그 주변 블랙박스도 뒤져 보고"
"710","00:48:21:05","00:48:22:12","(태수) 그나저나
[태수의 한숨]"
"711","00:48:22:14","00:48:23:21","이번 사건 걸어서"
"712","00:48:23:23","00:48:26:02","깡패 새끼들 죄다
싸잡아 넣어야 되는데"
"713","00:48:26:18","00:48:28:03","쉽지가 않네"
"714","00:48:29:21","00:48:30:23","태수 형
[잔잔한 음악]"
"715","00:48:32:05","00:48:33:13","전 좀 그립네요"
"716","00:48:33:23","00:48:34:23","뭐가?"
"717","00:48:35:15","00:48:37:17","예전 촉 귀신 헐렁이 그때 형님이"
"718","00:48:39:10","00:48:40:10","그립다고요"
"719","00:48:41:09","00:48:42:09","새끼"
"720","00:48:44:22","00:48:47:01","수고하십시오
[기석의 웃음]"
"721","00:48:58:12","00:48:59:19","[문이 드르륵 닫힌다]"
"722","00:49:25:18","00:49:30:23","[긴장되는 음악]"
"723","00:49:40:19","00:49:42:21","(경식) 아침부터
무르팍이 시리더니"
"724","00:49:42:23","00:49:43:23","[경식의 신음]"
"725","00:49:44:18","00:49:46:14","결국은 비가 오시는구먼"
"726","00:49:49:06","00:49:51:01","[경식의 탄식]"
"727","00:49:55:06","00:49:56:24","영석이 죽었다며"
"728","00:49:58:07","00:49:59:16","인생무상이지"
"729","00:50:00:11","00:50:01:14","보스면 뭐 해"
"730","00:50:01:22","00:50:03:03","뒤지면 그만인데"
"731","00:50:03:05","00:50:04:17","그러게"
"732","00:50:05:01","00:50:07:14","손명수는 감방에서 오늘내일하고"
"733","00:50:07:21","00:50:10:03","영석이는 칼침 맞아 객사하시고"
"734","00:50:10:18","00:50:12:21","(경식) 야, 이 내 팔자가
나을지도 모르지"
"735","00:50:12:23","00:50:14:02","[경식의 웃음]"
"736","00:50:22:09","00:50:23:19","옛날에 국빈관에서"
"737","00:50:24:18","00:50:26:22","대성파 애들한테
다구리 당할 때 기억나?"
"738","00:50:31:19","00:50:34:05","내가 그걸 어떻게 잊냐, 씨발"
"739","00:50:35:20","00:50:38:01","그때 손명수랑 오영석이랑 어땠어?"
"740","00:50:38:15","00:50:41:21","(경식) 아, 솔직히 영석이나
칼치는 손명수 따까리잖아
[긴장되는 음악]"
"741","00:50:42:05","00:50:44:17","명수 새끼 없었으면
그 자리에 오르지도 못했고"
"742","00:50:45:18","00:50:47:00","근데 그러면 뭐 해"
"743","00:50:47:11","00:50:50:09","제가 키운 새끼들한테
뒤통수 맞은 건데"
"744","00:50:50:11","00:50:51:17","[경식의 웃음]"
"745","00:50:51:19","00:50:52:22","그건 또 뭔 소리야"
"746","00:50:53:02","00:50:54:06","(경식) 몰라?"
"747","00:50:54:21","00:50:57:08","명수 빵에 처넣은 거 영석이라고"
"748","00:50:57:10","00:50:59:08","이 바닥 소문 파다해"
"749","00:51:03:14","00:51:05:06","일간에 한번 모시겠습니다"
"750","00:51:05:14","00:51:07:09","예, 예, 예"
"751","00:51:09:22","00:51:12:04","(최 계장) 민 팀장이 들은
소문이 맞네"
"752","00:51:13:03","00:51:15:23","손명수
검찰에 찌른 놈이 오영석이란다"
"753","00:51:16:13","00:51:18:10","어찌나 자료를 잘 준비해 놨는지"
"754","00:51:18:12","00:51:20:16","빼도 박도 못하고 사형받은 거래"
"755","00:51:21:15","00:51:22:23","A급 기밀이라"
"756","00:51:23:00","00:51:24:14","손명수는 빵에 들어가면서도"
"757","00:51:25:01","00:51:27:19","누가 자기를
검찰에 찌른지도 몰랐을 거라네"
"758","00:51:27:21","00:51:29:01","아"
"759","00:51:29:03","00:51:31:01","평생을 함께한 동생 새끼들이"
"760","00:51:31:03","00:51:32:07","(기석) 뒤통수를 쳤다면"
"761","00:51:32:09","00:51:33:09","[손뼉을 짝 친다]"
"762","00:51:33:11","00:51:34:16","뭐, 죽이고도 남겠네"
"763","00:51:34:18","00:51:36:09","[웃음]
[씁 입소리를 낸다]"
"764","00:51:36:14","00:51:39:03","아니, 일단 손명수는
살해 동기가 확실해졌는데"
"765","00:51:39:09","00:51:40:11","그럼 뭐 해?"
"766","00:51:40:22","00:51:42:02","이빨 빠진 호랑이에"
"767","00:51:42:04","00:51:43:10","감옥에 있는 사형수인데"
"768","00:51:43:22","00:51:44:18","그러게요"
"769","00:51:45:04","00:51:46:22","뭐, 군바리라면 휴가라도 나오지"
"770","00:51:48:07","00:51:49:07","[최 계장의 헛기침]"
"771","00:51:49:23","00:51:52:00","[의미심장한 음악]"
"772","00:51:53:13","00:51:55:04","(최 계장) 야, 어디가?"
"773","00:51:56:01","00:51:57:11","확인 좀 하고 말씀드릴게요"
"774","00:52:06:23","00:52:07:23","[놀란 숨소리]"
"775","00:52:21:19","00:52:23:08","[관리자의 깨달은 탄성]"
"776","00:52:23:20","00:52:25:22","(관리자) 화환은
엄청나게 많았는데
[마우스 클릭음]"
"777","00:52:26:08","00:52:28:00","조문객은 거의 없었던 것 같아요"
"778","00:52:28:14","00:52:30:12","한물간 옛날 조폭이라 그랬나?"
"779","00:52:30:24","00:52:31:24","그랬던 것 같아요"
"780","00:52:52:11","00:52:53:20","[마우스 클릭음]"
"781","00:53:10:17","00:53:12:09","[새소리]"
"782","00:53:16:14","00:53:17:15","[힘주는 소리]"
"783","00:53:28:14","00:53:29:14","[한숨]"
"784","00:53:29:19","00:53:33:17","[어린 수경의 울음]"
"785","00:53:35:03","00:53:38:03","[잔잔한 음악]"
"786","00:53:39:13","00:53:42:13","(어린 수경) 오빠"
"787","00:53:43:14","00:53:45:22","오빠"
"788","00:53:45:24","00:53:46:22","[어린 수경의 울음]"
"789","00:53:46:24","00:53:48:08","오빠"
"790","00:53:48:15","00:53:51:03","[어린 수경이 계속 운다]"
"791","00:53:52:10","00:53:54:09","[다가오는 발걸음]"
"792","00:53:55:20","00:53:58:00","[문고리가 덜커덩거린다]"
"793","00:53:59:02","00:54:00:18","[문이 삐거덕거린다]"
"794","00:54:00:20","00:54:02:19","[긴장되는 음악]"
"795","00:54:08:08","00:54:09:18","이 자식이"
"796","00:54:11:14","00:54:12:12","[태수의 가쁜 숨소리]"
"797","00:54:14:13","00:54:15:13","[남자3의 가쁜 숨소리]"
"798","00:54:15:15","00:54:16:14","[힘주는 소리]"
"799","00:54:21:03","00:54:22:03","[가쁜 숨소리]"
"800","00:54:23:02","00:54:24:03","[남자3의 가쁜 숨소리]"
"801","00:54:24:11","00:54:25:11","[태수의 힘주는 소리]"
"802","00:54:27:04","00:54:29:04","[타이어 마찰음]"
"803","00:54:30:10","00:54:31:20","[남자3의 아픈 신음]"
"804","00:54:31:22","00:54:33:19","[태수의 가쁜 숨소리]
[자동차 경적]"
"805","00:54:33:24","00:54:34:24","[타이어 마찰음]"
"806","00:54:35:07","00:54:36:07","[태수의 힘주는 소리]"
"807","00:54:36:24","00:54:38:01","[남자3의 아픈 신음]"
"808","00:54:41:02","00:54:42:02","손 들어!"
"809","00:54:42:10","00:54:43:10","[남자3의 가쁜 숨소리]"
"810","00:55:14:12","00:55:16:16","[승현의 거친 숨소리]"
"811","00:55:21:13","00:55:22:13","승현아"
"812","00:55:25:04","00:55:26:18","[떨리는 숨소리]"
"813","00:55:28:12","00:55:30:02","너 이 새끼"
"814","00:55:34:00","00:55:35:01","승현아!
[긴박한 음악]"
"815","00:55:40:07","00:55:41:05","[힘주는 소리]"
"816","00:55:51:10","00:55:52:10","승현아"
"817","00:55:52:19","00:55:54:00","잠깐 얘기 좀 하자"
"818","00:55:54:19","00:55:56:10","(태수) 너 도대체
무슨 짓을 하고 다니는 거야?"
"819","00:55:57:16","00:55:58:21","정말 네가"
"820","00:56:00:11","00:56:01:15","오영석을 죽인 거야?"
"821","00:56:02:22","00:56:03:22","아니지?"
"822","00:56:07:05","00:56:09:11","아니라고 대답 좀 해 봐, 인마"
"823","00:56:11:06","00:56:12:12","왜 그렇게 변한 거야?"
"824","00:56:13:09","00:56:15:02","너 그런 놈 아니잖아"
"825","00:56:16:17","00:56:18:01","너만 힘든 줄 알아?"
"826","00:56:20:00","00:56:21:00","그날 이후로"
"827","00:56:22:09","00:56:24:00","술 없이는 살 수가 없었어"
"828","00:56:25:06","00:56:26:22","잠을 잘 수가 없었다고"
"829","00:56:30:02","00:56:31:11","그래도 살아야지"
"830","00:56:32:24","00:56:34:19","살고 싶다며, 이 새끼야"
"831","00:56:36:01","00:56:37:01","사는 거"
"832","00:56:37:21","00:56:38:21","[떨리는 숨소리]"
"833","00:56:39:15","00:56:41:02","사는 게 뭘까요"
"834","00:56:44:04","00:56:45:05","(태수) 그래"
"835","00:56:46:20","00:56:47:20","그래, 다 좋아"
"836","00:56:49:13","00:56:51:07","무슨 생각으로
이러는지 모르겠지만"
"837","00:56:52:10","00:56:53:14","네가 이런다고"
"838","00:56:54:15","00:56:56:00","수경이가 좋아할 것 같아?"
"839","00:57:01:07","00:57:02:07","[놀란 숨소리]"
"840","00:57:05:04","00:57:06:06","저…"
"841","00:57:07:07","00:57:09:09","죽고 싶어도 죽을 수가 없어요"
"842","00:57:13:03","00:57:14:02","[도자기 깨지는 소리]"
"843","00:57:16:09","00:57:17:09","[긴박한 음악]"
"844","00:57:17:15","00:57:18:15","(태수) 승현아!"
"845","00:57:19:19","00:57:20:21","이승현!"
"846","00:57:20:23","00:57:22:16","우리 얘기 좀 하자, 승현아!"
"847","00:57:24:16","00:57:25:16","[태수의 힘주는 소리]"
"848","00:57:27:16","00:57:28:15","[승현의 힘주는 소리]"
"849","00:57:29:18","00:57:30:19","[태수의 힘주는 소리]"
"850","00:57:31:01","00:57:32:01","[승현의 힘주는 소리]"
"851","00:57:32:12","00:57:33:19","[승현의 힘주는 소리]"
"852","00:57:34:11","00:57:35:19","[승현의 기합]"
"853","00:57:37:23","00:57:39:20","[태수의 아픈 신음]"
"854","00:57:39:22","00:57:42:05","[승현의 힘겨운 신음]"
"855","00:57:43:13","00:57:44:20","[승현의 기침]"
"856","00:57:48:14","00:57:49:17","[승현의 힘겨운 숨소리]"
"857","00:57:49:19","00:57:50:24","[태수의 아픈 신음]"
"858","00:57:53:21","00:57:54:21","[승현의 기침]"
"859","00:58:54:12","00:58:55:18","[긴장되는 음악]"
"860","00:59:01:01","00:59:02:06","[놀란 숨소리]"
"861","00:59:07:11","00:59:08:11","[마우스 클릭음]"
"862","00:59:11:07","00:59:12:07","[마우스 클릭음]"
"863","00:59:29:17","00:59:31:24","[힘주는 소리]"
"864","00:59:40:15","00:59:41:23","[줄넘기하는 소리]"
"865","00:59:44:07","00:59:46:15","(승현) 죽여야 한다, 죽여야 한다"
"866","00:59:46:23","00:59:49:17","죽여야 한다, 죽여야 한다"
"867","00:59:49:24","00:59:52:11","죽여야 한다, 죽여야 한다"
"868","00:59:52:22","00:59:56:07","죽여야 한다
죽여야 한다, 죽여야 한다"
"869","01:00:39:11","01:00:40:11","[옅은 한숨]"
"870","01:00:58:13","01:00:59:21","불쌍한 새끼"
"871","01:01:03:11","01:01:04:22","[휴대전화 진동음]"
"872","01:01:07:05","01:01:08:16","[휴대전화 진동음]"
"873","01:01:09:20","01:01:11:17","(기석) 민 팀장님
어디서 뭐 하세요?"
"874","01:01:11:19","01:01:13:05","계장님 난리신데"
"875","01:01:14:01","01:01:15:10","(기석) 아, 노블레스 룸살롱 주변"
"876","01:01:15:12","01:01:16:19","CCTV, 블랙박스"
"877","01:01:17:01","01:01:19:00","그, 한 달 분 모아서
겹치는 사람 찾고 있는데"
"878","01:01:19:02","01:01:21:01","씁, 수상한 놈이 하나 보여요"
"879","01:01:21:07","01:01:22:09","아, 카메라로"
"880","01:01:22:14","01:01:24:01","오영석을 몰래 찍고 있는 놈인데"
"881","01:01:24:11","01:01:25:11","누군지"
"882","01:01:26:08","01:01:27:08","확인됐어?"
"883","01:01:27:20","01:01:29:08","(기석) 그, 모자를 눌러썼고"
"884","01:01:29:14","01:01:31:04","그, 각도도 애매해서"
"885","01:01:31:06","01:01:32:15","정확한 얼굴을 확인하려면"
"886","01:01:32:20","01:01:33:20","시간 좀 걸릴 것 같아요"
"887","01:01:34:13","01:01:35:13","[한숨]"
"888","01:01:36:20","01:01:37:21","그래"
"889","01:01:38:07","01:01:39:12","나중에 통화하자"
"890","01:01:40:13","01:01:41:19","[한숨]"
"891","01:01:43:24","01:01:45:20","[긴장되는 음악]"
"892","01:01:51:16","01:01:53:03","(경식) 영석이나 칼치는"
"893","01:01:53:05","01:01:54:12","손명수 따까리잖아"
"894","01:01:56:09","01:01:57:13","근데 그럼 뭐 해"
"895","01:01:57:22","01:02:00:04","자기가 키운 새끼들한테
뒤통수 맞은 건데"
"896","01:02:08:08","01:02:10:02","[휴대전화 진동음]"
"897","01:02:10:19","01:02:12:06","[휴대전화 진동음]"
"898","01:02:12:19","01:02:14:05","[휴대전화 진동음]"
"899","01:02:14:19","01:02:16:01","[휴대전화 진동음]"
"900","01:02:24:12","01:02:25:11","[문이 끼익 열리나]"
"901","01:02:29:03","01:02:32:04","[휴대전화 진동음]
(칼치) 또 어느 년이
오빠를 부르냐"
"902","01:02:34:19","01:02:35:19","[혀를 쯧 찬다]"
"903","01:02:36:01","01:02:37:20","개새끼, 정말, 시발"
"904","01:02:40:07","01:02:42:13","아이고, 어쩐 일이십니까, 형님?"
"905","01:02:43:08","01:02:44:08","내 말 똑바로 들어"
"906","01:02:49:03","01:02:50:03","[타이어 마찰음]"
"907","01:02:51:06","01:02:52:17","(조직원1) 야
빨리빨리 뛰어, 인마!"
"908","01:02:53:20","01:02:55:14","(조직원2) 오라이, 오라이, 오라이
여기, 여기"
"909","01:03:15:16","01:03:16:23","대체 어떤 새끼래요, 근데?"
"910","01:03:17:10","01:03:18:10","시끄럽고"
"911","01:03:18:19","01:03:20:02","당분간 몸조심해라"
"912","01:03:20:09","01:03:21:14","예"
"913","01:03:22:02","01:03:23:07","들어가십시오"
"914","01:03:24:07","01:03:26:03","대체 어떤 새끼야
[자동차 엔진음]"
"915","01:03:29:04","01:03:30:13","[자동차 엔진음]"
"916","01:03:30:16","01:03:32:16","[타이어 마찰음]"
"917","01:03:36:02","01:03:37:02","[아픈 신음]"
"918","01:03:37:18","01:03:39:05","(조직원3) 야, 저 새끼 잡아!
[타이어 마찰음]"
"919","01:03:39:11","01:03:40:19","빨리 뛰어가!"
"920","01:03:40:21","01:03:41:21","(조직원4) 야, 이 개새끼야!"
"921","01:03:42:14","01:03:45:19","[타이어 마찰음]"
"922","01:03:46:14","01:03:47:14","[타이어 마찰음]"
"923","01:03:49:08","01:03:51:20","[타이어 마찰음]"
"924","01:03:54:24","01:03:59:11","[자동차 엔진음]
[타이어 마찰음]"
"925","01:04:02:13","01:04:03:19","(조직원5) 야, 잡아!"
"926","01:04:03:22","01:04:06:17","(조직원6) 이런 개새끼가
야, 나와!"
"927","01:04:09:02","01:04:10:05","(조직원7) 야, 씨발놈아!"
"928","01:04:10:07","01:04:13:16","[소란스럽다]"
"929","01:04:13:18","01:04:15:01","(조직원8) 개새끼야!"
"930","01:04:15:03","01:04:16:08","[승현의 힘주는 소리]"
"931","01:04:18:02","01:04:19:02","[승현의 힘주는 소리]"
"932","01:04:20:17","01:04:23:17","(조직원7) 나와, 이 개새끼야
[승현의 아픈 신음]"
"933","01:04:27:17","01:04:30:13","[소란스럽다]"
"934","01:04:30:23","01:04:32:00","[승현의 힘주는 소리]"
"935","01:04:32:12","01:04:34:15","[소란스럽게 싸운다]"
"936","01:04:38:20","01:04:39:22","(조폭7) 잡아 끌어 내"
"937","01:04:40:10","01:04:41:10","[조직원들의 힘주는 소리]"
"938","01:04:43:20","01:04:44:20","[총성]"
"939","01:04:45:03","01:04:46:03","[승현의 아픈 신음]"
"940","01:04:46:11","01:04:47:11","(태수) 물러서!"
"941","01:04:48:20","01:04:49:20","물러서!"
"942","01:04:50:19","01:04:51:19","[태수의 떨리는 숨소리]"
"943","01:04:53:03","01:04:54:10","[승현의 아픈 신음]
[의미심장한 음악]"
"944","01:04:56:22","01:04:58:02","칼치나 챙겨, 이 새끼들아"
"945","01:04:59:21","01:05:01:08","- (조직원8) 뭐야, 형님 챙겨라
- (조직원9) 네"
"946","01:05:08:22","01:05:10:05","(조직원8) 뭐해
새끼야, 빨리 땅겨!"
"947","01:05:12:12","01:05:15:17","[조직원들의 힘주는 소리]
형님, 형님, 괜찮으세요?"
"948","01:05:16:06","01:05:18:00","야, 뭐 해, 새끼들아
빨리 당겨!"
"949","01:05:18:03","01:05:19:09","[조직원들의 힘주는 소리]"
"950","01:05:20:13","01:05:22:22","[조직원들의 힘주는 소리]"
"951","01:05:23:00","01:05:24:00","(조직원8) 더 세게!"
"952","01:05:30:15","01:05:34:00","[멀리서 사이렌이 울린다]"
"953","01:05:35:13","01:05:36:13","[한숨]"
"954","01:05:42:00","01:05:43:02","[승현의 힘겨운 신음]"
"955","01:05:48:22","01:05:50:23","[힘겨운 숨소리]"
"956","01:06:01:19","01:06:07:22","[의미심장한 음악]"
"957","01:06:42:20","01:06:45:06","[분한 숨소리]"
"958","01:07:09:16","01:07:12:07","[최 계장의 한숨]"
"959","01:07:12:17","01:07:13:17","(막내 형사) 최 계장님"
"960","01:07:13:19","01:07:15:03","사진 나왔습니다"
"961","01:07:17:02","01:07:18:02","[최 계장의 한숨]"
"962","01:07:18:21","01:07:20:02","[최 계장의 한숨]"
"963","01:07:20:13","01:07:23:21","[사이렌 소리]"
"964","01:07:25:15","01:07:27:11","(무전기 속 경찰5) 화재 장소
DMC 근처"
"965","01:07:27:13","01:07:28:20","상황 어떻게 되었습니까?"
"966","01:07:29:11","01:07:30:23","(경찰6) 예, 현재 진압 완료하고"
"967","01:07:31:00","01:07:33:16","사고 조사단 나와서
화재 원인 조사 중입니다"
"968","01:07:33:23","01:07:35:14","현재 상태 완전 전소"
"969","01:07:35:16","01:07:37:22","(최 계장) 아, 무슨
변명이라도 좀 해 봐라"
"970","01:07:39:00","01:07:41:01","그래야 내가 정리를 할 거 아니야"
"971","01:07:41:16","01:07:42:16","응?"
"972","01:07:43:09","01:07:45:02","그 자리에 이승현이가 왜 있고"
"973","01:07:46:04","01:07:47:20","넌 왜 총 쏴대며 난리를 친 거야?"
"974","01:07:49:07","01:07:50:08","죄송합니다"
"975","01:07:50:11","01:07:53:06","지금 상황 징계 상태로
넘어갈 일이 아니야
[책상을 탁 친다]"
"976","01:07:55:01","01:07:56:02","(최 계장) 말 안 하겠다?"
"977","01:07:59:12","01:08:00:12","좋다"
"978","01:08:01:22","01:08:03:04","하나만 묻자"
"979","01:08:04:19","01:08:06:23","이승현이 어디 있는지
진짜 모르는 거지?"
"980","01:08:08:03","01:08:09:03","네"
"981","01:08:12:04","01:08:14:07","좋아, 그 말 믿는다"
"982","01:08:15:13","01:08:16:13","대신"
"983","01:08:17:04","01:08:18:21","이 사건에서 당장 손 떼고"
"984","01:08:19:20","01:08:21:03","총기 지금 반납해"
"985","01:08:30:15","01:08:31:16","태수야"
"986","01:08:33:05","01:08:34:12","네 맘 모르는 거 아니다"
"987","01:08:35:20","01:08:36:21","그전에"
"988","01:08:37:05","01:08:38:12","우린 경찰이야"
"989","01:08:39:23","01:08:41:14","우리가 무슨 일을 하는 사람인지"
"990","01:08:41:22","01:08:43:11","그걸 잊으면 안 된다"
"991","01:08:46:20","01:08:47:20","[한숨]"
"992","01:09:00:22","01:09:03:22","(명수) 원수 갚을 날을
정하고 벼르다
[의미심장한 음악]"
"993","01:09:04:16","01:09:07:11","마침내 복수할 때가 왔는데"
"994","01:09:08:21","01:09:12:06","둘러보아도 나를 돕는 자가 없었다"
"995","01:09:14:06","01:09:17:15","나는 이 팔밖에 믿을 것이 없었고"
"996","01:09:18:19","01:09:20:08","나의 분노만이"
"997","01:09:21:13","01:09:23:12","나를 밀어주었다"
"998","01:09:32:08","01:09:36:04","[긴장되는 음악]"
"999","01:09:51:09","01:09:52:10","[푹 찔리는 소리]"
"1000","01:09:58:19","01:10:00:23","[강천과 손명수의 힘주는 소리]
[강천의 아픈 신음]"
"1001","01:10:08:14","01:10:10:05","[명수의 힘주는 소리]"
"1002","01:10:10:14","01:10:12:01","[명수의 힘주는 소리]"
"1003","01:10:12:11","01:10:13:23","[명수의 힘주는 소리]"
"1004","01:10:14:01","01:10:15:03","[명수의 놀란 숨소리]"
"1005","01:10:15:11","01:10:16:19","[강천의 힘주는 소리]
[명수의 아픈 신음]"
"1006","01:10:17:14","01:10:18:24","[명수와 강천의 아픈 신음]"
"1007","01:10:19:09","01:10:21:12","[명수의 힘주는 소리]
[강천의 아픈 신음]"
"1008","01:10:21:23","01:10:23:00","[명수의 아픈 신음]"
"1009","01:10:23:24","01:10:26:03","[강천의 힘주는 소리]"
"1010","01:10:26:05","01:10:27:23","[명수의 아픈 신음]"
"1011","01:10:28:00","01:10:29:00","(강천) 너 뭐야?"
"1012","01:10:29:07","01:10:31:24","[명수의 힘주는 신음]"
"1013","01:10:32:07","01:10:33:17","[강천의 아픈 신음]
[명수의 힘주는 소리]"
"1014","01:10:38:20","01:10:40:21","[명수의 힘주는 소리]
[명수의 아픈 신음]"
"1015","01:10:40:23","01:10:42:20","[강천의 힘주는 소리]
[명수의 아픈 신음]"
"1016","01:10:47:17","01:10:49:07","[명수의 힘주는 소리]"
"1017","01:10:49:09","01:10:51:02","[강천의 아픈 신음]
[명수의 힘주는 소리]"
"1018","01:10:51:12","01:10:54:09","[명수와 강천의 힘주는 소리]"
"1019","01:10:54:16","01:10:57:01","[강천의 힘주는 소리]
[명수의 아픈 신음]"
"1020","01:10:57:09","01:10:59:19","[명수와 강천의 힘주는 소리]"
"1021","01:11:02:05","01:11:05:09","[강천의 힘주는 소리]
[푹 찔리는 소리]"
"1022","01:11:05:23","01:11:09:19","[명수의 힘주는 소리]
[강천의 고통스러운 신음]"
"1023","01:11:09:24","01:11:11:11","[강천의 힘주는 소리]
[명수의 아픈 신음]"
"1024","01:11:12:10","01:11:14:20","[명수와 강천의 힘주는 소리]"
"1025","01:11:16:01","01:11:17:10","[명수의 아픈 신음]"
"1026","01:11:17:13","01:11:19:14","[명수의 거친 숨소리]"
"1027","01:11:20:02","01:11:22:07","[명수의 힘겨운 숨소리]"
"1028","01:11:23:10","01:11:25:13","[강천의 힘주는 소리]
[명수의 아픈 신음]"
"1029","01:11:25:15","01:11:27:03","[명수의 아픈 신음]"
"1030","01:11:27:13","01:11:31:24","[명수의 고통스러운 신음]"
"1031","01:11:32:01","01:11:33:08","[명수의 힘주는 소리]"
"1032","01:11:33:10","01:11:34:10","[강천의 아픈 신음]"
"1033","01:11:34:12","01:11:36:18","[명수의 힘주는 소리]
[강천의 아픈 신음]"
"1034","01:11:37:08","01:11:39:15","[거친 숨소리]"
"1035","01:11:40:00","01:11:41:13","[명수의 힘주는 소리]
[칼에 푹 찔린다]"
"1036","01:11:42:05","01:11:45:21","[명수의 거친 숨소리]"
"1037","01:11:48:13","01:11:54:06","[명수의 고통스러운 신음]"
"1038","01:11:55:15","01:11:56:22","[강천의 힘주는 소리]
[명수의 아픈 신음]"
"1039","01:11:59:23","01:12:01:05","[강천의 힘주는 소리]
[명수의 아픈 신음]"
"1040","01:12:03:03","01:12:05:18","[강천의 힘주는 소리]
[명수의 아픈 신음]"
"1041","01:12:06:17","01:12:08:13","[명수가 쿨럭거린다]"
"1042","01:12:08:24","01:12:09:24","[명수의 힘겨운 신음]"
"1043","01:12:10:07","01:12:14:13","[명수의 거친 숨소리]"
"1044","01:12:20:15","01:12:22:16","[긴장되는 음악]
[명수의 힘겨운 신음]"
"1045","01:12:32:15","01:12:33:16","[명수의 아픈 신음]"
"1046","01:12:34:12","01:12:36:06","[푹 찌르는 소리]
[명수의 아픈 신음]"
"1047","01:12:37:16","01:12:39:01","[명수의 아픈 신음]"
"1048","01:12:44:07","01:12:46:23","[호루라기 소리]"
"1049","01:12:47:06","01:12:49:03","[호루라기 소리]"
"1050","01:12:58:14","01:13:00:15","(기석) 아, 손명수 병신새끼"
"1051","01:13:00:20","01:13:02:20","아, 이왕 지랄 떨 거면
한 방에 죽여 놓지"
"1052","01:13:03:14","01:13:05:05","아, 전국구 칼잡이였다는 놈이"
"1053","01:13:06:15","01:13:07:22","[한숨]"
"1054","01:13:07:24","01:13:09:03","조강천은?"
"1055","01:13:12:14","01:13:13:23","생명에 지장이 없대요"
"1056","01:13:36:18","01:13:37:19","(경찰7) 충성"
"1057","01:13:44:06","01:13:46:12","[심전도계 비프음]"
"1058","01:13:56:20","01:13:58:06","[한숨]"
"1059","01:13:58:08","01:14:00:00","개새끼 명도 길지"
"1060","01:14:02:08","01:14:07:01","[긴장되는 음악]
[명수의 힘겨운 숨소리]"
"1061","01:14:09:04","01:14:10:09","(명수) 이제야 알았나?"
"1062","01:14:11:01","01:14:12:05","내 눈이"
"1063","01:14:13:06","01:14:15:11","진실의 눈을 가릴 때도 있지"
"1064","01:14:17:02","01:14:18:16","조강천은 살아 있나?"
"1065","01:14:23:04","01:14:24:15","내 말 잘 들어, 이 씨발놈아"
"1066","01:14:25:14","01:14:27:02","너희들끼리 싸우다 뒤지는 거"
"1067","01:14:27:10","01:14:28:12","내가 알 바 아니야"
"1068","01:14:29:08","01:14:30:12","똑바로 말해"
"1069","01:14:31:13","01:14:33:03","승현이랑 무슨 얘기 한 거야?"
"1070","01:14:34:24","01:14:38:17","[긴장되는 음악]
[웃음]"
"1071","01:14:47:21","01:14:48:22","누구시더라?"
"1072","01:14:50:05","01:14:52:04","죽이고 싶은 사람 있지 않습니까?"
"1073","01:14:53:13","01:14:54:17","[헛웃음]"
"1074","01:14:56:01","01:14:58:06","번지수를 잘못 찾으신 것 같네"
"1075","01:14:59:17","01:15:01:01","밥이나 들고 가세요"
"1076","01:15:03:21","01:15:05:07","(승현) 심증은 있는데"
"1077","01:15:07:17","01:15:09:09","물증이 없으실 텐데요"
"1078","01:15:20:09","01:15:21:15","(승현) 대성파 오영석이"
"1079","01:15:22:12","01:15:24:15","검사님 계좌로 돈을 보냈더군요"
"1080","01:15:24:24","01:15:25:24","[한숨]"
"1081","01:15:26:01","01:15:27:05","(검사) 원하는 게 뭐야?"
"1082","01:15:28:21","01:15:31:12","(승현) 손명수를 안양 교도소로
이감시켜 주십시오"
"1083","01:15:32:03","01:15:34:10","그리고
재판 관련 자료도 필요합니다"
"1084","01:15:35:19","01:15:37:06","(검사) 여기 손명수 재판 자료"
"1085","01:15:38:06","01:15:40:20","오영석이랑 칼치가
잘 준비해서 넘긴 거지"
"1086","01:15:41:24","01:15:43:12","손명수 사형 떨어졌어"
"1087","01:15:44:07","01:15:46:08","안양 교도소로 곧 이감될 거야"
"1088","01:16:04:00","01:16:05:17","(승현) 전부
코앞에서 찍은 사진이나"
"1089","01:16:05:19","01:16:07:19","CCTV에서 캡처 한 사진입니다"
"1090","01:16:07:21","01:16:09:07","오영석이나 칼치가 아니면"
"1091","01:16:10:19","01:16:11:23","불가능하지요"
"1092","01:16:13:14","01:16:14:17","사건을 담당했던"
"1093","01:16:15:05","01:16:17:04","검찰 수사관 쪽 계좌도 있습니다"
"1094","01:16:19:01","01:16:22:20","[한숨]
오영석 출금 정보와
일치하는 부분이 보일 겁니다"
"1095","01:16:26:04","01:16:28:01","사람 마음이라는 게"
"1096","01:16:29:20","01:16:31:04","참 어리석지"
"1097","01:16:32:23","01:16:34:22","(명수) 직접 눈으로
확인하기 전에는"
"1098","01:16:35:23","01:16:38:21","확실한 사실도
부정하고 싶어지니까"
"1099","01:16:45:11","01:16:47:05","이 쓰레기들을"
"1100","01:16:47:21","01:16:50:02","나 대신 죽여 준다"
"1101","01:16:55:16","01:16:56:21","그럼 난"
"1102","01:16:58:10","01:16:59:24","난 뭘 해 주면 되나?"
"1103","01:17:01:17","01:17:03:02","(명수) 죽여 주면 되겠나?"
"1104","01:17:04:09","01:17:06:20","뭐, 나한테는"
"1105","01:17:07:15","01:17:08:22","나쁜 거래는"
"1106","01:17:09:20","01:17:11:01","아니었어"
"1107","01:17:11:11","01:17:12:12","헛소리 집어치워"
"1108","01:17:14:01","01:17:15:01","난"
"1109","01:17:15:14","01:17:16:14","내 할 일"
"1110","01:17:17:05","01:17:18:08","(명수) 다 했으니까"
"1111","01:17:18:20","01:17:20:06","[웃음]"
"1112","01:17:20:08","01:17:21:20","거래는"
"1113","01:17:22:15","01:17:23:17","끝난 거야"
"1114","01:17:24:08","01:17:26:11","[명수의 웃음]
뭐, 씨발놈아?"
"1115","01:17:27:03","01:17:29:04","(태수) 거래라니 헛소리 마
[심전도계 경고음]"
"1116","01:17:29:06","01:17:31:02","- (태수) 승현이가 그럴 리 없어
- (기석) 태수 형, 태수 형!"
"1117","01:17:31:04","01:17:32:18","(기석) 뭐 하시는 거예요, 지금?"
"1118","01:17:32:20","01:17:35:02","진정 좀 해요, 제발
[심전도계 경고음]"
"1119","01:17:38:21","01:17:40:18","좀, 진짜!
[태수의 성난 숨소리]"
"1120","01:17:47:24","01:17:52:22","[긴장되는 음악]
[가스가 쉭 새어 나온다]"
"1121","01:18:00:03","01:18:01:03","[기석의 한숨]"
"1122","01:18:01:05","01:18:03:19","[경보음]"
"1123","01:18:05:19","01:18:08:00","(안내 방송 속 직원) 병원
방재실에서 알려 드립니다"
"1124","01:18:08:12","01:18:11:18","현재 2병동 지역에서
화재가 발생했습니다"
"1125","01:18:12:05","01:18:13:05","환자는 보호…"
"1126","01:18:14:15","01:18:16:07","(안내 방송 속 직원) 병원 직원의
안내에 따라"
"1127","01:18:18:10","01:18:19:10","[한숨]"
"1128","01:18:20:14","01:18:21:14","[코웃음]"
"1129","01:18:21:16","01:18:23:00","[전화벨 소리]"
"1130","01:18:23:11","01:18:24:11","네?"
"1131","01:18:25:05","01:18:26:05","(신 형사) 계장님"
"1132","01:18:26:07","01:18:28:01","영산병원에
화재 신고가 접수됐답니다"
"1133","01:18:28:04","01:18:29:04","(함께) 뭐?"
"1134","01:18:30:24","01:18:31:24","[힘주는 소리]"
"1135","01:18:38:13","01:18:40:05","(무전기 속 경찰8) 경계 강화하고
[대답한다]"
"1136","01:18:40:07","01:18:42:06","(무전기 속 경찰8과 경찰9)
- 직접 가서 확인해
- 예, 알겠습니다"
"1137","01:18:47:11","01:18:51:00","[긴장되는 음악]"
"1138","01:18:51:19","01:18:52:24","[경찰10의 고통스러운 신음]"
"1139","01:18:54:14","01:18:56:19","[경찰들의 아픈 신음]"
"1140","01:19:07:14","01:19:08:14","[경찰10의 고통스러운 신음]"
"1141","01:19:09:24","01:19:10:24","(간호사) 어머"
"1142","01:19:33:23","01:19:35:14","(기석) 이 씨발 새끼가"
"1143","01:19:36:11","01:19:37:14","[기석의 놀란 숨소리]"
"1144","01:19:40:22","01:19:41:22","[태수의 한숨]"
"1145","01:19:54:14","01:19:55:24","[전기 충격기 작동음]
[강천의 아픈 신음]"
"1146","01:19:58:19","01:20:01:00","[긴박한 음악]"
"1147","01:20:15:20","01:20:16:20","[태수의 거친 숨소리]"
"1148","01:20:23:04","01:20:24:04","이승현!"
"1149","01:20:25:01","01:20:26:08","(태수) 야, 안돼!
[타이어 마찰음]"
"1150","01:20:27:07","01:20:28:19","[타이어 마찰음]"
"1151","01:20:33:16","01:20:34:16","(기석) 형!"
"1152","01:20:34:18","01:20:35:20","[타이어 마찰음]
형!"
"1153","01:20:36:20","01:20:39:07","[타이어 마찰음]
[자동차 경적]"
"1154","01:20:39:18","01:20:40:18","[타이어 마찰음]"
"1155","01:20:41:21","01:20:43:02","[타이어 마찰음]"
"1156","01:20:49:08","01:20:50:14","[자동차 경적]"
"1157","01:21:07:11","01:21:08:11","[타이어 마찰음]"
"1158","01:21:13:18","01:21:14:23","[타이어 마찰음]"
"1159","01:21:15:09","01:21:16:08","[타이어 마찰음]"
"1160","01:21:16:19","01:21:17:18","[타이어 마찰음]"
"1161","01:21:20:11","01:21:21:11","[자동차 경적]"
"1162","01:21:23:08","01:21:24:04","[타이어 마찰음]"
"1163","01:21:24:06","01:21:25:19","[자동차 경적]
[타이어 마찰음]"
"1164","01:21:32:18","01:21:34:19","[자동차 경적]"
"1165","01:21:35:05","01:21:36:05","[태수의 힘주는 소리]"
"1166","01:21:47:21","01:21:53:04","[타이어 마찰음]"
"1167","01:21:53:15","01:21:54:15","[승현의 아픈 신음]"
"1168","01:21:55:01","01:21:56:01","[태수의 거친 숨소리]"
"1169","01:21:56:08","01:21:57:08","[태수의 놀란 숨소리]"
"1170","01:22:00:17","01:22:02:05","[태수의 결심한 숨소리]"
"1171","01:22:03:03","01:22:04:03","[놀란 숨소리]"
"1172","01:22:04:13","01:22:05:13","[타이어 마찰음]"
"1173","01:22:07:06","01:22:08:06","[타이어 마찰음]"
"1174","01:22:19:05","01:22:21:14","[타이어 마찰음]"
"1175","01:22:21:16","01:22:22:21","[타이어 마찰음]"
"1176","01:22:22:23","01:22:23:23","[태수의 결연한 소리]"
"1177","01:22:24:18","01:22:26:05","[타이어 마찰음]"
"1178","01:22:27:14","01:22:28:21","[타이어 마찰음]"
"1179","01:22:35:01","01:22:36:13","(경찰11) GPS 수신 완료"
"1180","01:22:42:09","01:22:43:09","[태수의 거친 숨소리]"
"1181","01:22:49:11","01:22:50:11","[타이어 마찰음]"
"1182","01:22:50:24","01:22:52:04","[타이어 마찰음]"
"1183","01:22:53:22","01:22:54:24","(태수) 승현아, 멈춰!"
"1184","01:22:56:09","01:22:58:22","[타이어 마찰음]
[창문이 쨍그랑 깨진다]"
"1185","01:22:59:22","01:23:01:18","멈춰, 인마, 멈추라고!"
"1186","01:23:05:11","01:23:07:23","[타이어 마찰음]
[창문이 쨍그랑 깨진다]"
"1187","01:23:08:00","01:23:09:05","[태수의 비명]"
"1188","01:23:09:18","01:23:10:19","[타이어 마찰음]"
"1189","01:23:11:09","01:23:12:09","[타이어 마찰음]"
"1190","01:23:14:20","01:23:16:14","[타이어 마찰음]
[태수의 거친 숨소리]"
"1191","01:23:17:08","01:23:18:08","[힘주는 소리]"
"1192","01:23:18:10","01:23:19:10","[자동차 엔진음]"
"1193","01:23:27:11","01:23:28:11","[한숨]"
"1194","01:23:28:16","01:23:29:24","아이씨"
"1195","01:23:33:18","01:23:35:00","[어두운 음악]
(기석) 손명수 병신새끼"
"1196","01:23:35:02","01:23:37:00","그, 이왕 지랄 떨 거면
한 방에 죽여 놓지"
"1197","01:23:37:23","01:23:39:14","그, 전국구 칼잡이였다는 놈이"
"1198","01:23:40:01","01:23:41:01","그럼 난"
"1199","01:23:42:17","01:23:44:04","난 뭘 해 주면 되나?"
"1200","01:23:45:00","01:23:46:07","(명수) 죽여 주면 되겠나?"
"1201","01:23:47:07","01:23:48:07","그냥"
"1202","01:23:50:13","01:23:52:11","숨만 붙어 있으면 됩니다"
"1203","01:23:52:21","01:23:53:21","(승현) 형님"
"1204","01:23:54:21","01:23:55:21","저"
"1205","01:23:57:08","01:23:59:12","죽고 싶어도 죽을 수가 없어요"
"1206","01:23:59:22","01:24:00:22","[태수의 놀란 숨소리]"
"1207","01:24:01:12","01:24:02:24","수경이는 아직…"
"1208","01:24:04:02","01:24:06:06","[가쁜 숨소리]"
"1209","01:24:07:19","01:24:09:04","민 팀장 다시 움직입니다"
"1210","01:24:15:10","01:24:16:12","(최 계장) 조강천이 데려갔던"
"1211","01:24:17:01","01:24:18:09","계포동 쪽 야산 기억나지?"
"1212","01:24:18:19","01:24:19:19","(남 형사) 예"
"1213","01:24:20:00","01:24:21:13","[한숨 쉬며]
그쪽으로 출동하자"
"1214","01:24:23:17","01:24:24:17","(최 계장) 잘 들어"
"1215","01:24:24:19","01:24:27:02","조강천이든 이승현이든
우리가 먼저 잡아야 돼"
"1216","01:24:27:09","01:24:29:22","그래야 태수가 산다, 알았지?"
"1217","01:24:30:05","01:24:31:05","(함께) 예"
"1218","01:24:40:14","01:24:41:14","[강천의 힘겨운 숨소리]"
"1219","01:24:58:07","01:24:59:07","[타이어 마찰음]"
"1220","01:24:59:19","01:25:00:19","[타이어 마찰음]"
"1221","01:25:13:01","01:25:14:05","(승현) 빨리 움직여"
"1222","01:25:18:08","01:25:19:08","말해"
"1223","01:25:20:12","01:25:21:12","어디야?"
"1224","01:25:25:14","01:25:26:19","말해, 어디야?"
"1225","01:25:27:17","01:25:28:19","나 죽이면"
"1226","01:25:30:23","01:25:31:24","그 여자는?"
"1227","01:25:33:08","01:25:35:03","[승현의 분한 숨소리]
[강천의 아픈 신음]"
"1228","01:25:35:20","01:25:37:14","(승현) 마지막이야
[강천의 힘겨운 숨소리]"
"1229","01:25:38:00","01:25:39:16","말 안 하면 죽여 버린다"
"1230","01:25:40:15","01:25:41:16","[강천의 거친 숨소리]"
"1231","01:25:42:04","01:25:43:24","말해야 어차피 죽을 텐데"
"1232","01:25:45:17","01:25:47:05","[강천의 힘겨운 숨소리]"
"1233","01:25:49:02","01:25:50:03","알려 줘야 해?"
"1234","01:25:51:00","01:25:52:05","[옅은 한숨]"
"1235","01:25:53:06","01:25:54:15","[강천의 아픈 신음]"
"1236","01:25:55:04","01:25:56:21","[강천의 힘주는 소리]"
"1237","01:26:00:01","01:26:02:00","너 같은 새끼 목숨 필요 없어"
"1238","01:26:03:23","01:26:05:14","수경이 묻은 곳만 말해"
"1239","01:26:07:18","01:26:08:22","살려 줄 테니까"
"1240","01:26:09:14","01:26:10:14","[코웃음]"
"1241","01:26:15:01","01:26:16:01","그래"
"1242","01:26:17:09","01:26:18:19","이래 죽나 저래 죽나"
"1243","01:26:20:14","01:26:21:15","한번 믿어 보지"
"1244","01:26:35:20","01:26:36:20","(최 계장) 네"
"1245","01:26:36:22","01:26:38:04","위치는 확인됐습니다"
"1246","01:26:38:13","01:26:39:11","(경찰서장) 야, 이 새끼야"
"1247","01:26:39:21","01:26:41:10","지금 이건 사적 복수야"
"1248","01:26:41:19","01:26:42:19","이거 못 막으면"
"1249","01:26:42:21","01:26:43:23","경찰이고 법치주의고"
"1250","01:26:44:03","01:26:45:10","전부 개판 난다고!"
"1251","01:26:46:03","01:26:48:02","(최 계장과 경찰서장)
- 아, 그렇지만…
- 아직 정신 못 차렸어?"
"1252","01:26:48:09","01:26:50:15","(경찰서장) 총을 쏴서라도
막아내란 말이야"
"1253","01:26:50:17","01:26:51:17","알겠어?"
"1254","01:26:51:19","01:26:53:13","[한숨]
네, 알겠습니다"
"1255","01:26:56:02","01:26:57:05","[한숨]
[긴장되는 음악]"
"1256","01:27:02:04","01:27:03:04","(승현) 어디야"
"1257","01:27:09:23","01:27:11:00","빨리 움직여"
"1258","01:27:32:14","01:27:33:14","[강천의 아픈 신음]"
"1259","01:27:35:14","01:27:36:22","[강천의 아픈 신음]"
"1260","01:27:40:01","01:27:42:08","[강천의 거친 숨소리]"
"1261","01:27:51:04","01:27:52:04","이걸로?"
"1262","01:27:53:03","01:27:54:03","빨리 파"
"1263","01:27:56:07","01:27:57:07","[강천의 헛웃음]"
"1264","01:27:58:09","01:28:00:02","[강천의 힘주는 소리]"
"1265","01:28:17:01","01:28:20:13","[태수의 놀란 숨소리]"
"1266","01:28:30:14","01:28:31:10","[탁 걸리는 소리]"
"1267","01:28:34:09","01:28:35:24","[놀란 숨소리]"
"1268","01:28:45:14","01:28:47:08","[승현의 힘없는 숨소리]"
"1269","01:28:49:13","01:28:50:18","(승현) 계속 파"
"1270","01:29:02:07","01:29:04:08","[떨리는 숨소리]"
"1271","01:29:17:18","01:29:18:15","뭐 하는 거야?"
"1272","01:29:32:21","01:29:33:21","[승현의 힘겨운 숨소리]"
"1273","01:29:46:09","01:29:48:15","[승현의 힘겨운 숨소리]"
"1274","01:29:51:19","01:29:53:01","(강천) 네가 찾는 그년"
"1275","01:29:54:03","01:29:55:04","이거 같은데?"
"1276","01:29:56:14","01:29:57:17","수경이"
"1277","01:29:59:03","01:30:00:08","수경이 어디 있어?"
"1278","01:30:01:11","01:30:02:14","[강천의 코웃음]"
"1279","01:30:04:13","01:30:05:15","[강천의 힘주는 소리]"
"1280","01:30:06:11","01:30:07:14","[힘겨운 숨소리]"
"1281","01:30:11:01","01:30:12:02","그래, 뭐"
"1282","01:30:14:07","01:30:15:07","[생각하는 호흡]"
"1283","01:30:16:13","01:30:17:22","저 바위쯤인가?"
"1284","01:30:19:16","01:30:22:20","[힘겨운 숨소리]"
"1285","01:30:24:08","01:30:27:18","[어두운 음악]"
"1286","01:30:28:06","01:30:31:10","[힘주는 소리]"
"1287","01:30:34:03","01:30:35:03","[승현의 힘주는 소리]"
"1288","01:30:35:21","01:30:37:04","[승현의 힘주는 소리]"
"1289","01:30:45:07","01:30:46:22","[힘겨운 숨소리]"
"1290","01:30:54:22","01:30:57:22","[힘겨운 숨소리]"
"1291","01:31:05:02","01:31:06:02","[거친 숨소리]"
"1292","01:31:08:13","01:31:09:15","(태수) 안 돼!"
"1293","01:31:09:17","01:31:11:11","(태수) 야! 안 돼!"
"1294","01:31:12:13","01:31:15:00","[승현의 힘겨운 숨소리]"
"1295","01:31:31:13","01:31:33:00","(태수) 승현아, 승현아!"
"1296","01:31:33:21","01:31:34:21","승현아!"
"1297","01:31:35:09","01:31:36:10","정신 차려, 이 새끼야!"
"1298","01:31:36:20","01:31:38:00","승현아!"
"1299","01:31:38:02","01:31:40:11","[떨리는 숨소리]"
"1300","01:31:41:09","01:31:44:15","[잔잔한 음악]"
"1301","01:31:45:09","01:31:46:11","형님"
"1302","01:31:48:06","01:31:49:11","(승현) 수경이가"
"1303","01:31:52:13","01:31:54:07","수경이가 여기 있대요"
"1304","01:31:59:12","01:32:00:12","[태수의 떨리는 숨소리]"
"1305","01:32:02:09","01:32:03:13","(태수) 등신 새끼"
"1306","01:32:03:16","01:32:05:15","[태수의 떨리는 숨소리]"
"1307","01:32:05:17","01:32:06:20","알았으니까"
"1308","01:32:07:13","01:32:08:23","조금만 기다려, 응?"
"1309","01:32:13:17","01:32:14:23","(승현) 형님"
"1310","01:32:16:24","01:32:18:07","죄송해요"
"1311","01:32:24:21","01:32:25:21","[흐느낀다]"
"1312","01:32:25:23","01:32:26:23","승현아"
"1313","01:32:28:08","01:32:29:09","이 새끼야"
"1314","01:32:30:20","01:32:31:20","(태수) 승현아"
"1315","01:32:31:23","01:32:33:05","[태수의 울음]"
"1316","01:32:33:07","01:32:37:19","[오열한다]"
"1317","01:33:02:09","01:33:04:00","[분한 숨소리]"
"1318","01:33:08:02","01:33:10:09","[달려가는 발걸음]
[긴장되는 음악]"
"1319","01:33:18:13","01:33:19:13","[강천의 가쁜 숨소리]"
"1320","01:33:22:14","01:33:24:13","[태수의 분한 숨소리]"
"1321","01:33:24:16","01:33:26:01","[강천의 거친 숨소리]"
"1322","01:33:28:21","01:33:29:21","[태수의 힘주는 소리]"
"1323","01:33:34:18","01:33:36:03","[태수와 강천의 아픈 신음]"
"1324","01:33:38:11","01:33:41:06","[태수의 힘주는 소리]"
"1325","01:33:41:12","01:33:44:04","[태수의 힘주는 소리]"
"1326","01:33:48:23","01:33:50:01","(무전기 속 경찰12) 타깃
시야 확보"
"1327","01:33:50:12","01:33:51:12","타깃 조준 완료"
"1328","01:33:51:22","01:33:52:22","[태수의 힘주는 소리]"
"1329","01:33:54:23","01:33:59:09","[태수의 힘주는 소리]"
"1330","01:34:01:00","01:34:02:08","[태수의 거친 숨소리]"
"1331","01:34:03:16","01:34:05:08","- (최 계장) 야, 민태수!
- (기석) 형!"
"1332","01:34:07:01","01:34:08:18","발포 명령 내려졌어!"
"1333","01:34:08:20","01:34:10:22","너 그 돌 들면 죽어!
[태수가 씩씩거린다]"
"1334","01:34:11:18","01:34:13:06","그게 무슨 개같은 소리야?"
"1335","01:34:14:02","01:34:15:02","날 쏘겠다고?"
"1336","01:34:16:07","01:34:17:23","이 새끼를 왜 살려야 되는데?"
"1337","01:34:18:00","01:34:19:14","(기석) 형! 형, 안 돼"
"1338","01:34:20:22","01:34:22:08","우린 경찰이잖아"
"1339","01:34:22:19","01:34:24:18","형이 그러면 그놈하고 뭐가 달라"
"1340","01:34:25:10","01:34:28:00","수경 씨도 형이 이러길
원하지 않을 거야, 응?"
"1341","01:34:28:12","01:34:29:16","태수 형!"
"1342","01:34:31:14","01:34:33:15","[강천의 힘겨운 신음]"
"1343","01:34:37:03","01:34:38:08","그년이 그랬지"
"1344","01:34:40:07","01:34:42:01","자기 오빠가 형사라고"
"1345","01:34:43:15","01:34:44:16","날
[힘겨운 숨소리]"
"1346","01:34:44:19","01:34:47:21","[웃음]"
"1347","01:34:49:01","01:34:51:15","[강천의 웃음]"
"1348","01:34:51:17","01:34:53:06","가만 안 둘 거라고"
"1349","01:34:54:01","01:34:56:19","[강천의 웃음]"
"1350","01:34:56:21","01:35:01:05","[흐느낀다]"
"1351","01:35:05:04","01:35:06:12","쌍년"
"1352","01:35:07:00","01:35:08:08","[태수의 절망한 숨소리]"
"1353","01:35:08:10","01:35:09:16","(기석) 태수 형!"
"1354","01:35:09:24","01:35:10:24","[총성]"
"1355","01:35:11:20","01:35:12:21","형!"
"1356","01:35:14:13","01:35:15:13","태수 형!"
"1357","01:35:15:15","01:35:17:04","태수 형, 태수 형!"
"1358","01:35:17:06","01:35:18:04","어디, 형"
"1359","01:35:18:16","01:35:19:22","태수 형, 형"
"1360","01:35:19:24","01:35:21:07","형 안 돼, 형!
[태수의 아픈 신음]"
"1361","01:35:22:04","01:35:23:17","[아픈 신음]
[무거운 음악]"
"1362","01:35:23:20","01:35:24:20","[태수의 아픈 신음]"
"1363","01:35:24:22","01:35:26:12","어떤 씨발 새끼야!"
"1364","01:35:27:02","01:35:30:08","범인을 쏴야지
왜 경찰을 쏴, 이씨"
"1365","01:35:30:10","01:35:31:11","야, 뭐 해?"
"1366","01:36:07:24","01:36:08:24","(태수) 기석아"
"1367","01:36:10:18","01:36:14:01","나 살고 싶다"
"1368","01:36:27:13","01:36:28:14","[총성]"
"1369","01:37:09:06","01:37:12:01","(아나운서) 3년 전 연쇄 살인범
조강천에게 희생되었으나"
"1370","01:37:12:03","01:37:14:01","아직 찾지 못한 시신 7구에 대한"
"1371","01:37:14:04","01:37:16:21","경찰의 수색 작업이
재개되었다는 소식입니다"
"1372","01:37:17:11","01:37:19:11","지난달 희생자의 가족에게"
"1373","01:37:19:13","01:37:21:19","수감 중이던 조 씨가
피살되었던 사건으로"
"1374","01:37:22:03","01:37:24:17","사형 제도에 대한
여론의 관심이 커지고 있으며…"
"1375","01:37:51:22","01:37:55:20","[파도 소리]
[잔잔한 음악]"
"1376","01:37:56:08","01:37:59:17","[배 엔진음]"
"1377","01:38:14:19","01:38:16:21","- (수경) 왜, 뭐 들어갔어?
- (승현) 응"
"1378","01:38:16:23","01:38:18:02","- (수경) 내가 불어 줄게
- (승현) 됐어"
"1379","01:38:18:04","01:38:19:17","- (수경) 아, 이리 와 봐
- (승현) 아니야"
"1380","01:38:20:17","01:38:22:05","- (승현) 내가 할게
- (수경) 어때?"
"1381","01:38:23:22","01:38:25:24","- (수경) 됐다
- (승현) 괜찮아
[수경과 승현의 웃음]"
"1382","01:38:26:01","01:38:28:12","- (승현) 됐거든요?
- (수경) 왜요?
[태수의 못마땅한 입소리]"
"1383","01:38:28:14","01:38:30:06","(태수) 이것들이
아버지 앞에서 그냥"
"1384","01:38:30:09","01:38:31:22","연애질이나 하고 말이야, 응?"
"1385","01:38:31:24","01:38:33:03","(승현) 아니요, 그게 아니라"
"1386","01:38:33:06","01:38:34:09","(수경) 응, 오빠"
"1387","01:38:34:11","01:38:35:22","우리 사진 좀 찍어 주라"
"1388","01:38:35:24","01:38:37:05","- (태수) 사진?
- (수경) 응"
"1389","01:38:37:07","01:38:39:08","(승현) 아니야, 사진은 무슨
[수경의 애교 섞인 입소리]"
"1390","01:38:39:10","01:38:41:09","(태수) 아, 그래, 그래, 그래
좋아, 좋아, 좋아"
"1391","01:38:41:11","01:38:42:20","찍어 준다, 찍어 줘, 자, 자"
"1392","01:38:43:06","01:38:44:06","자"
"1393","01:38:44:08","01:38:45:16","붙어 보세요, 자"
"1394","01:38:45:24","01:38:46:24","어"
"1395","01:38:47:01","01:38:47:24","자"
"1396","01:38:51:02","01:38:53:12","하나, 둘, 셋"
"1397","01:38:53:14","01:38:54:18","[카메라 셔터음]"
"1398","01:38:55:05","01:38:56:21","[웃음]"
"1399","01:38:57:13","01:38:59:03","[웃음]"
